,six_number,one_number
0,"[1, 9, 17, 18, 31, 35]",[2]
1,"[4, 15, 20, 22, 26, 37]",[1]
2,"[6, 13, 14, 31, 33, 35]",[8]
3,"[2, 3, 11, 18, 26, 31]",[3]
4,"[3, 12, 17, 24, 29, 35]",[4]
5,"[15, 24, 30, 31, 32, 35]",[8]
6,"[2, 5, 7, 28, 30, 38]",[5]
7,"[1, 8, 19, 26, 27, 38]",[8]
8,"[15, 17, 22, 24, 27, 36]",[6]
9,"[7, 10, 21, 23, 24, 27]",[1]
10,"[6, 12, 20, 25, 27, 37]",[5]
11,"[14, 16, 20, 23, 28, 32]",[7]
12,"[6, 17, 22, 26, 27, 38]",[4]
13,"[1, 8, 15, 16, 28, 33]",[6]
14,"[4, 6, 18, 26, 37, 38]",[1]
15,"[1, 4, 13, 19, 21, 25]",[8]
16,"[2, 4, 7, 8, 18, 35]",[6]
17,"[3, 4, 14, 18, 28, 29]",[4]
18,"[4, 7, 24, 27, 33, 35]",[8]
19,"[4, 11, 25, 27, 35, 36]",[8]
20,"[12, 17, 24, 30, 34, 35]",[2]
21,"[14, 15, 25, 28, 32, 34]",[8]
22,"[5, 20, 21, 23, 25, 36]",[3]
23,"[2, 19, 23, 31, 32, 35]",[7]
24,"[7, 11, 12, 15, 30, 31]",[6]
25,"[1, 3, 13, 15, 17, 33]",[1]
26,"[10, 15, 16, 17, 18, 26]",[6]
27,"[5, 12, 17, 20, 23, 38]",[7]
28,"[3, 6, 17, 20, 25, 30]",[5]
29,"[10, 11, 18, 19, 22, 37]",[1]
30,"[1, 3, 12, 16, 33, 35]",[1]
31,"[1, 14, 28, 30, 31, 33]",[2]
32,"[16, 17, 19, 23, 26, 37]",[8]
33,"[9, 11, 12, 31, 33, 36]",[5]
34,"[10, 14, 15, 31, 33, 35]",[4]
35,"[4, 16, 25, 30, 34, 37]",[2]
36,"[4, 16, 23, 27, 30, 33]",[6]
37,"[4, 11, 13, 19, 31, 34]",[7]
38,"[2, 7, 10, 16, 26, 33]",[5]
39,"[18, 19, 22, 27, 30, 35]",[1]
40,"[3, 4, 9, 24, 34, 38]",[1]
41,"[13, 25, 30, 31, 33, 38]",[8]
42,"[3, 10, 15, 20, 22, 31]",[4]
43,"[1, 6, 8, 14, 24, 30]",[3]
44,"[3, 8, 10, 11, 17, 33]",[3]
45,"[9, 10, 21, 22, 24, 36]",[1]
46,"[5, 7, 10, 17, 19, 28]",[1]
47,"[4, 12, 14, 16, 19, 21]",[8]
48,"[5, 9, 16, 24, 26, 29]",[4]
49,"[10, 18, 24, 29, 34, 35]",[2]
50,"[16, 17, 18, 31, 34, 36]",[4]
51,"[2, 14, 28, 29, 33, 37]",[3]
52,"[18, 25, 26, 31, 32, 35]",[4]
53,"[1, 6, 8, 14, 24, 30]",[3]
54,"[3, 8, 10, 11, 17, 33]",[3]
55,"[9, 10, 21, 22, 24, 36]",[1]
56,"[5, 7, 10, 17, 19, 28]",[1]
57,"[4, 12, 14, 16, 19, 21]",[8]
58,"[5, 9, 16, 24, 26, 29]",[4]
59,"[10, 18, 24, 29, 34, 35]",[2]
60,"[16, 17, 18, 31, 34, 36]",[4]
61,"[2, 14, 28, 29, 33, 37]",[3]
62,"[18, 25, 26, 31, 32, 35]",[4]
63,"[1, 6, 8, 14, 24, 30]",[3]
64,"[3, 8, 10, 11, 17, 33]",[3]
65,"[9, 10, 21, 22, 24, 36]",[1]
66,"[5, 7, 10, 17, 19, 28]",[1]
67,"[4, 12, 14, 16, 19, 21]",[8]
68,"[5, 9, 16, 24, 26, 29]",[4]
69,"[10, 18, 24, 29, 34, 35]",[2]
70,"[16, 17, 18, 31, 34, 36]",[4]
71,"[2, 14, 28, 29, 33, 37]",[3]
72,"[18, 25, 26, 31, 32, 35]",[4]
73,"[1, 6, 8, 14, 24, 30]",[3]
74,"[3, 8, 10, 11, 17, 33]",[3]
75,"[9, 10, 21, 22, 24, 36]",[1]
76,"[5, 7, 10, 17, 19, 28]",[1]
77,"[4, 12, 14, 16, 19, 21]",[8]
78,"[5, 9, 16, 24, 26, 29]",[4]
79,"[10, 18, 24, 29, 34, 35]",[2]
80,"[16, 17, 18, 31, 34, 36]",[4]
81,"[2, 14, 28, 29, 33, 37]",[3]
82,"[18, 25, 26, 31, 32, 35]",[4]
83,"[1, 6, 8, 14, 24, 30]",[3]
84,"[3, 8, 10, 11, 17, 33]",[3]
85,"[9, 10, 21, 22, 24, 36]",[1]
86,"[5, 7, 10, 17, 19, 28]",[1]
87,"[4, 12, 14, 16, 19, 21]",[8]
88,"[5, 9, 16, 24, 26, 29]",[4]
89,"[10, 18, 24, 29, 34, 35]",[2]
90,"[16, 17, 18, 31, 34, 36]",[4]
91,"[2, 14, 28, 29, 33, 37]",[3]
92,"[18, 25, 26, 31, 32, 35]",[4]
93,"[1, 6, 8, 14, 24, 30]",[3]
94,"[3, 8, 10, 11, 17, 33]",[3]
95,"[9, 10, 21, 22, 24, 36]",[1]
96,"[5, 7, 10, 17, 19, 28]",[1]
97,"[4, 12, 14, 16, 19, 21]",[8]
98,"[5, 9, 16, 24, 26, 29]",[4]
99,"[10, 18, 24, 29, 34, 35]",[2]
100,"[16, 17, 18, 31, 34, 36]",[4]
101,"[2, 14, 28, 29, 33, 37]",[3]
102,"[18, 25, 26, 31, 32, 35]",[4]
103,"[12, 20, 27, 29, 33, 36]",[1]
104,"[1, 9, 27, 32, 35, 38]",[4]
105,"[12, 13, 18, 19, 27, 28]",[3]
106,"[1, 7, 8, 15, 21, 24]",[3]
107,"[6, 14, 19, 20, 23, 31]",[7]
108,"[3, 7, 12, 16, 20, 30]",[8]
109,"[11, 13, 15, 19, 26, 31]",[7]
110,"[5, 12, 13, 19, 27, 38]",[5]
111,"[12, 13, 25, 28, 30, 35]",[3]
112,"[1, 17, 23, 27, 28, 33]",[6]
113,"[6, 14, 19, 29, 30, 31]",[1]
114,"[9, 12, 13, 21, 30, 32]",[7]
115,"[1, 14, 16, 21, 25, 34]",[6]
116,"[3, 5, 15, 21, 26, 28]",[6]
117,"[2, 8, 11, 24, 25, 30]",[6]
118,"[8, 21, 27, 31, 33, 36]",[7]
119,"[6, 16, 17, 24, 28, 31]",[5]
120,"[3, 5, 20, 26, 31, 37]",[4]
121,"[6, 8, 19, 28, 29, 32]",[2]
122,"[7, 9, 15, 17, 22, 28]",[1]
123,"[9, 16, 22, 25, 26, 29]",[4]
124,"[2, 18, 22, 31, 32, 38]",[3]
125,"[7, 8, 13, 15, 26, 30]",[4]
126,"[2, 4, 6, 12, 26, 29]",[6]
127,"[5, 18, 20, 21, 26, 32]",[5]
128,"[6, 8, 19, 22, 30, 32]",[2]
129,"[5, 7, 13, 20, 23, 27]",[8]
130,"[2, 4, 20, 22, 35, 38]",[8]
131,"[13, 14, 15, 16, 31, 33]",[4]
132,"[6, 8, 14, 20, 27, 30]",[3]
133,"[5, 15, 27, 29, 31, 36]",[4]
134,"[11, 13, 19, 28, 30, 34]",[4]
135,"[3, 18, 21, 27, 33, 34]",[5]
136,"[13, 14, 17, 20, 22, 23]",[8]
137,"[21, 23, 27, 30, 32, 36]",[3]
138,"[8, 12, 24, 26, 27, 31]",[1]
139,"[2, 4, 11, 16, 21, 29]",[3]
140,"[2, 13, 20, 28, 29, 34]",[2]
141,"[13, 19, 25, 26, 34, 36]",[6]
142,"[1, 8, 13, 21, 26, 32]",[1]
143,"[5, 15, 27, 29, 31, 36]",[4]
144,"[11, 13, 19, 28, 30, 34]",[4]
145,"[3, 18, 21, 27, 33, 34]",[5]
146,"[13, 14, 17, 20, 22, 23]",[8]
147,"[21, 23, 27, 30, 32, 36]",[3]
148,"[8, 12, 24, 26, 27, 31]",[1]
149,"[2, 4, 11, 16, 21, 29]",[3]
150,"[2, 13, 20, 28, 29, 34]",[2]
151,"[13, 19, 25, 26, 34, 36]",[6]
152,"[1, 8, 13, 21, 26, 32]",[1]
153,"[2, 8, 11, 12, 25, 28]",[8]
154,"[1, 8, 14, 16, 21, 23]",[1]
155,"[3, 7, 18, 22, 28, 35]",[5]
156,"[2, 3, 7, 9, 25, 27]",[5]
157,"[6, 10, 18, 19, 29, 31]",[6]
158,"[3, 5, 17, 23, 27, 31]",[1]
159,"[2, 6, 29, 31, 36, 37]",[8]
160,"[7, 8, 15, 19, 34, 38]",[8]
161,"[1, 7, 14, 16, 20, 30]",[4]
162,"[11, 24, 25, 31, 32, 37]",[8]
163,"[2, 8, 11, 12, 25, 28]",[8]
164,"[1, 8, 14, 16, 21, 23]",[1]
165,"[3, 7, 18, 22, 28, 35]",[5]
166,"[2, 3, 7, 9, 25, 27]",[5]
167,"[6, 10, 18, 19, 29, 31]",[6]
168,"[3, 5, 17, 23, 27, 31]",[1]
169,"[2, 6, 29, 31, 36, 37]",[8]
170,"[7, 8, 15, 19, 34, 38]",[8]
171,"[1, 7, 14, 16, 20, 30]",[4]
172,"[11, 24, 25, 31, 32, 37]",[8]
173,"[2, 8, 11, 12, 25, 28]",[8]
174,"[1, 8, 14, 16, 21, 23]",[1]
175,"[3, 7, 18, 22, 28, 35]",[5]
176,"[2, 3, 7, 9, 25, 27]",[5]
177,"[6, 10, 18, 19, 29, 31]",[6]
178,"[3, 5, 17, 23, 27, 31]",[1]
179,"[2, 6, 29, 31, 36, 37]",[8]
180,"[7, 8, 15, 19, 34, 38]",[8]
181,"[1, 7, 14, 16, 20, 30]",[4]
182,"[11, 24, 25, 31, 32, 37]",[8]
183,"[2, 8, 11, 12, 25, 28]",[8]
184,"[1, 8, 14, 16, 21, 23]",[1]
185,"[3, 7, 18, 22, 28, 35]",[5]
186,"[2, 3, 7, 9, 25, 27]",[5]
187,"[6, 10, 18, 19, 29, 31]",[6]
188,"[3, 5, 17, 23, 27, 31]",[1]
189,"[2, 6, 29, 31, 36, 37]",[8]
190,"[7, 8, 15, 19, 34, 38]",[8]
191,"[1, 7, 14, 16, 20, 30]",[4]
192,"[11, 24, 25, 31, 32, 37]",[8]
193,"[2, 8, 11, 12, 25, 28]",[8]
194,"[1, 8, 14, 16, 21, 23]",[1]
195,"[3, 7, 18, 22, 28, 35]",[5]
196,"[2, 3, 7, 9, 25, 27]",[5]
197,"[6, 10, 18, 19, 29, 31]",[6]
198,"[3, 5, 17, 23, 27, 31]",[1]
199,"[2, 6, 29, 31, 36, 37]",[8]
200,"[7, 8, 15, 19, 34, 38]",[8]
201,"[1, 7, 14, 16, 20, 30]",[4]
202,"[11, 24, 25, 31, 32, 37]",[8]
203,"[2, 8, 11, 12, 25, 28]",[8]
204,"[1, 8, 14, 16, 21, 23]",[1]
205,"[3, 7, 18, 22, 28, 35]",[5]
206,"[2, 3, 7, 9, 25, 27]",[5]
207,"[6, 10, 18, 19, 29, 31]",[6]
208,"[3, 5, 17, 23, 27, 31]",[1]
209,"[2, 6, 29, 31, 36, 37]",[8]
210,"[7, 8, 15, 19, 34, 38]",[8]
211,"[1, 7, 14, 16, 20, 30]",[4]
212,"[11, 24, 25, 31, 32, 37]",[8]
213,"[4, 7, 11, 14, 29, 36]",[4]
214,"[1, 19, 23, 25, 32, 37]",[2]
215,"[2, 3, 6, 8, 13, 21]",[7]
216,"[2, 3, 14, 17, 20, 38]",[3]
217,"[10, 18, 26, 29, 30, 34]",[5]
218,"[4, 6, 16, 18, 19, 28]",[2]
219,"[5, 6, 18, 24, 25, 35]",[2]
220,"[22, 23, 24, 33, 34, 38]",[4]
221,"[2, 14, 16, 17, 27, 28]",[1]
222,"[2, 5, 11, 17, 29, 34]",[5]
223,"[14, 23, 27, 34, 35, 36]",[3]
224,"[3, 14, 16, 19, 21, 30]",[2]
225,"[11, 13, 19, 33, 34, 36]",[1]
226,"[11, 21, 26, 33, 35, 37]",[4]
227,"[7, 14, 29, 32, 36, 38]",[5]
228,"[7, 9, 14, 16, 19, 21]",[5]
229,"[20, 23, 24, 29, 35, 38]",[1]
230,"[4, 6, 10, 13, 36, 37]",[8]
231,"[4, 10, 13, 15, 31, 35]",[1]
232,"[3, 9, 23, 27, 29, 30]",[1]
233,"[3, 15, 18, 19, 22, 26]",[2]
234,"[5, 7, 8, 9, 12, 25]",[6]
235,"[5, 6, 13, 17, 23, 33]",[2]
236,"[7, 8, 10, 15, 17, 23]",[3]
237,"[1, 15, 18, 24, 36, 38]",[6]
238,"[4, 7, 16, 21, 27, 34]",[4]
239,"[3, 6, 27, 28, 29, 38]",[1]
240,"[2, 3, 16, 25, 37, 38]",[7]
241,"[2, 3, 15, 16, 31, 36]",[4]
242,"[1, 4, 22, 23, 28, 30]",[2]
243,"[4, 15, 16, 26, 27, 35]",[4]
244,"[2, 13, 20, 21, 22, 26]",[1]
245,"[3, 5, 12, 31, 35, 36]",[1]
246,"[4, 5, 12, 21, 24, 38]",[3]
247,"[1, 10, 11, 15, 28, 36]",[8]
248,"[4, 21, 22, 31, 34, 36]",[2]
249,"[3, 6, 7, 20, 24, 27]",[4]
250,"[6, 10, 19, 20, 22, 36]",[6]
251,"[2, 10, 11, 21, 22, 28]",[7]
252,"[4, 9, 21, 23, 33, 36]",[4]
253,"[11, 15, 21, 27, 28, 33]",[6]
254,"[7, 14, 19, 28, 31, 34]",[5]
255,"[2, 17, 19, 21, 27, 30]",[2]
256,"[3, 4, 19, 23, 26, 27]",[8]
257,"[2, 4, 8, 10, 24, 30]",[7]
258,"[5, 6, 13, 33, 34, 37]",[4]
259,"[3, 4, 7, 19, 24, 28]",[4]
260,"[5, 9, 14, 23, 27, 29]",[2]
261,"[2, 13, 16, 17, 29, 36]",[1]
262,"[1, 9, 21, 26, 27, 36]",[8]
263,"[11, 15, 21, 27, 28, 33]",[6]
264,"[7, 14, 19, 28, 31, 34]",[5]
265,"[2, 17, 19, 21, 27, 30]",[2]
266,"[3, 4, 19, 23, 26, 27]",[8]
267,"[2, 4, 8, 10, 24, 30]",[7]
268,"[5, 6, 13, 33, 34, 37]",[4]
269,"[3, 4, 7, 19, 24, 28]",[4]
270,"[5, 9, 14, 23, 27, 29]",[2]
271,"[2, 13, 16, 17, 29, 36]",[1]
272,"[1, 9, 21, 26, 27, 36]",[8]
273,"[11, 15, 21, 27, 28, 33]",[6]
274,"[7, 14, 19, 28, 31, 34]",[5]
275,"[2, 17, 19, 21, 27, 30]",[2]
276,"[3, 4, 19, 23, 26, 27]",[8]
277,"[2, 4, 8, 10, 24, 30]",[7]
278,"[5, 6, 13, 33, 34, 37]",[4]
279,"[3, 4, 7, 19, 24, 28]",[4]
280,"[5, 9, 14, 23, 27, 29]",[2]
281,"[2, 13, 16, 17, 29, 36]",[1]
282,"[1, 9, 21, 26, 27, 36]",[8]
283,"[11, 15, 21, 27, 28, 33]",[6]
284,"[7, 14, 19, 28, 31, 34]",[5]
285,"[2, 17, 19, 21, 27, 30]",[2]
286,"[3, 4, 19, 23, 26, 27]",[8]
287,"[2, 4, 8, 10, 24, 30]",[7]
288,"[5, 6, 13, 33, 34, 37]",[4]
289,"[3, 4, 7, 19, 24, 28]",[4]
290,"[5, 9, 14, 23, 27, 29]",[2]
291,"[2, 13, 16, 17, 29, 36]",[1]
292,"[1, 9, 21, 26, 27, 36]",[8]
293,"[11, 15, 21, 27, 28, 33]",[6]
294,"[7, 14, 19, 28, 31, 34]",[5]
295,"[2, 17, 19, 21, 27, 30]",[2]
296,"[3, 4, 19, 23, 26, 27]",[8]
297,"[2, 4, 8, 10, 24, 30]",[7]
298,"[5, 6, 13, 33, 34, 37]",[4]
299,"[3, 4, 7, 19, 24, 28]",[4]
300,"[5, 9, 14, 23, 27, 29]",[2]
301,"[2, 13, 16, 17, 29, 36]",[1]
302,"[1, 9, 21, 26, 27, 36]",[8]
303,"[11, 15, 21, 27, 28, 33]",[6]
304,"[7, 14, 19, 28, 31, 34]",[5]
305,"[2, 17, 19, 21, 27, 30]",[2]
306,"[3, 4, 19, 23, 26, 27]",[8]
307,"[2, 4, 8, 10, 24, 30]",[7]
308,"[5, 6, 13, 33, 34, 37]",[4]
309,"[3, 4, 7, 19, 24, 28]",[4]
310,"[5, 9, 14, 23, 27, 29]",[2]
311,"[2, 13, 16, 17, 29, 36]",[1]
312,"[1, 9, 21, 26, 27, 36]",[8]
313,"[6, 7, 13, 15, 28, 37]",[3]
314,"[17, 19, 20, 26, 29, 36]",[1]
315,"[20, 22, 25, 29, 31, 32]",[3]
316,"[8, 17, 20, 22, 25, 37]",[2]
317,"[2, 4, 5, 15, 27, 35]",[3]
318,"[7, 8, 12, 13, 15, 30]",[8]
319,"[2, 11, 12, 19, 26, 28]",[7]
320,"[2, 3, 5, 17, 36, 37]",[5]
321,"[10, 11, 17, 25, 28, 38]",[3]
322,"[3, 21, 23, 24, 26, 32]",[3]
323,"[9, 11, 12, 23, 28, 36]",[4]
324,"[3, 19, 24, 25, 31, 37]",[6]
325,"[3, 12, 13, 19, 22, 23]",[1]
326,"[7, 12, 13, 27, 28, 37]",[6]
327,"[10, 14, 18, 27, 31, 32]",[2]
328,"[2, 3, 9, 18, 22, 35]",[8]
329,"[1, 6, 10, 17, 33, 35]",[7]
330,"[4, 13, 16, 21, 24, 38]",[2]
331,"[7, 17, 20, 21, 22, 23]",[4]
332,"[2, 10, 18, 26, 28, 35]",[1]
333,"[1, 16, 25, 30, 31, 32]",[7]
334,"[1, 2, 3, 15, 21, 33]",[7]
335,"[6, 10, 18, 22, 25, 38]",[5]
336,"[17, 18, 20, 22, 33, 38]",[8]
337,"[2, 3, 5, 13, 18, 36]",[8]
338,"[4, 11, 16, 19, 25, 29]",[1]
339,"[13, 17, 19, 20, 24, 30]",[2]
340,"[8, 12, 23, 25, 27, 38]",[6]
341,"[3, 11, 20, 33, 34, 35]",[2]
342,"[4, 13, 20, 26, 37, 38]",[2]
343,"[6, 7, 11, 14, 15, 34]",[1]
344,"[4, 12, 20, 32, 35, 36]",[1]
345,"[3, 4, 13, 20, 23, 28]",[7]
346,"[6, 12, 14, 16, 19, 21]",[6]
347,"[9, 16, 21, 24, 29, 36]",[3]
348,"[6, 15, 24, 26, 28, 30]",[3]
349,"[2, 18, 21, 25, 31, 37]",[8]
350,"[2, 4, 23, 24, 32, 38]",[1]
351,"[6, 7, 9, 22, 28, 33]",[1]
352,"[22, 25, 31, 32, 34, 35]",[2]
353,"[2, 3, 12, 15, 21, 24]",[3]
354,"[14, 21, 24, 29, 31, 32]",[5]
355,"[10, 22, 24, 31, 33, 36]",[5]
356,"[22, 23, 24, 25, 32, 34]",[2]
357,"[1, 9, 12, 13, 17, 29]",[3]
358,"[4, 5, 19, 29, 33, 36]",[2]
359,"[3, 4, 13, 22, 31, 38]",[4]
360,"[2, 11, 15, 18, 20, 36]",[6]
361,"[4, 8, 13, 19, 30, 35]",[4]
362,"[19, 24, 27, 33, 34, 38]",[6]
363,"[3, 16, 19, 25, 35, 36]",[2]
364,"[3, 9, 10, 26, 29, 36]",[5]
365,"[5, 13, 20, 27, 34, 38]",[2]
366,"[6, 10, 14, 20, 25, 26]",[4]
367,"[3, 9, 10, 24, 28, 31]",[6]
368,"[6, 8, 22, 24, 25, 31]",[2]
369,"[3, 4, 17, 23, 28, 32]",[1]
370,"[1, 8, 24, 26, 30, 37]",[5]
371,"[5, 7, 11, 19, 29, 33]",[6]
372,"[4, 12, 14, 16, 25, 27]",[3]
373,"[1, 7, 10, 20, 23, 24]",[1]
374,"[3, 15, 19, 22, 27, 38]",[6]
375,"[2, 4, 7, 11, 19, 32]",[5]
376,"[6, 15, 18, 24, 25, 28]",[5]
377,"[6, 22, 27, 33, 35, 38]",[8]
378,"[14, 19, 24, 31, 34, 36]",[2]
379,"[1, 7, 9, 10, 16, 17]",[6]
380,"[5, 6, 12, 20, 23, 32]",[2]
381,"[4, 16, 17, 20, 23, 27]",[4]
382,"[1, 18, 24, 27, 30, 31]",[4]
383,"[1, 7, 10, 20, 23, 24]",[1]
384,"[3, 15, 19, 22, 27, 38]",[6]
385,"[2, 4, 7, 11, 19, 32]",[5]
386,"[6, 15, 18, 24, 25, 28]",[5]
387,"[6, 22, 27, 33, 35, 38]",[8]
388,"[14, 19, 24, 31, 34, 36]",[2]
389,"[1, 7, 9, 10, 16, 17]",[6]
390,"[5, 6, 12, 20, 23, 32]",[2]
391,"[4, 16, 17, 20, 23, 27]",[4]
392,"[1, 18, 24, 27, 30, 31]",[4]
393,"[1, 7, 10, 20, 23, 24]",[1]
394,"[3, 15, 19, 22, 27, 38]",[6]
395,"[2, 4, 7, 11, 19, 32]",[5]
396,"[6, 15, 18, 24, 25, 28]",[5]
397,"[6, 22, 27, 33, 35, 38]",[8]
398,"[14, 19, 24, 31, 34, 36]",[2]
399,"[1, 7, 9, 10, 16, 17]",[6]
400,"[5, 6, 12, 20, 23, 32]",[2]
401,"[4, 16, 17, 20, 23, 27]",[4]
402,"[1, 18, 24, 27, 30, 31]",[4]
403,"[1, 7, 10, 20, 23, 24]",[1]
404,"[3, 15, 19, 22, 27, 38]",[6]
405,"[2, 4, 7, 11, 19, 32]",[5]
406,"[6, 15, 18, 24, 25, 28]",[5]
407,"[6, 22, 27, 33, 35, 38]",[8]
408,"[14, 19, 24, 31, 34, 36]",[2]
409,"[1, 7, 9, 10, 16, 17]",[6]
410,"[5, 6, 12, 20, 23, 32]",[2]
411,"[4, 16, 17, 20, 23, 27]",[4]
412,"[1, 18, 24, 27, 30, 31]",[4]
413,"[1, 7, 10, 20, 23, 24]",[1]
414,"[3, 15, 19, 22, 27, 38]",[6]
415,"[2, 4, 7, 11, 19, 32]",[5]
416,"[6, 15, 18, 24, 25, 28]",[5]
417,"[6, 22, 27, 33, 35, 38]",[8]
418,"[14, 19, 24, 31, 34, 36]",[2]
419,"[1, 7, 9, 10, 16, 17]",[6]
420,"[5, 6, 12, 20, 23, 32]",[2]
421,"[4, 16, 17, 20, 23, 27]",[4]
422,"[1, 18, 24, 27, 30, 31]",[4]
423,"[4, 17, 25, 27, 31, 33]",[7]
424,"[2, 3, 13, 23, 26, 38]",[7]
425,"[9, 12, 14, 20, 26, 32]",[6]
426,"[5, 15, 22, 24, 29, 38]",[8]
427,"[4, 7, 16, 21, 35, 36]",[1]
428,"[10, 11, 17, 22, 24, 38]",[4]
429,"[5, 12, 27, 30, 32, 37]",[7]
430,"[8, 9, 13, 18, 22, 36]",[8]
431,"[5, 8, 15, 28, 33, 35]",[6]
432,"[6, 9, 10, 12, 18, 26]",[5]
433,"[4, 8, 12, 16, 18, 22]",[2]
434,"[8, 18, 19, 26, 27, 35]",[2]
435,"[3, 7, 13, 16, 21, 36]",[7]
436,"[4, 9, 15, 18, 29, 33]",[7]
437,"[19, 20, 23, 24, 32, 38]",[1]
438,"[9, 10, 12, 21, 24, 37]",[7]
439,"[1, 3, 13, 21, 23, 38]",[2]
440,"[6, 15, 19, 34, 37, 38]",[3]
441,"[9, 18, 22, 28, 29, 30]",[2]
442,"[8, 13, 14, 19, 24, 36]",[2]
443,"[11, 13, 14, 15, 22, 32]",[2]
444,"[8, 13, 15, 24, 33, 34]",[7]
445,"[13, 16, 21, 23, 34, 38]",[6]
446,"[1, 4, 16, 19, 24, 28]",[6]
447,"[2, 8, 13, 19, 22, 36]",[1]
448,"[1, 12, 24, 25, 31, 35]",[4]
449,"[12, 13, 20, 22, 31, 38]",[2]
450,"[12, 22, 25, 31, 32, 36]",[2]
451,"[5, 6, 12, 19, 26, 33]",[6]
452,"[3, 5, 7, 16, 18, 27]",[1]
453,"[5, 8, 12, 26, 30, 36]",[4]
454,"[1, 8, 11, 14, 15, 19]",[3]
455,"[1, 6, 8, 17, 25, 33]",[2]
456,"[4, 6, 11, 14, 18, 24]",[5]
457,"[9, 10, 24, 25, 27, 33]",[2]
458,"[2, 13, 17, 19, 26, 36]",[6]
459,"[2, 8, 26, 32, 33, 37]",[7]
460,"[9, 14, 20, 29, 36, 38]",[4]
461,"[6, 9, 10, 13, 28, 38]",[6]
462,"[5, 11, 16, 17, 23, 38]",[2]
463,"[5, 8, 12, 26, 30, 36]",[4]
464,"[1, 8, 11, 14, 15, 19]",[3]
465,"[1, 6, 8, 17, 25, 33]",[2]
466,"[4, 6, 11, 14, 18, 24]",[5]
467,"[9, 10, 24, 25, 27, 33]",[2]
468,"[2, 13, 17, 19, 26, 36]",[6]
469,"[2, 8, 26, 32, 33, 37]",[7]
470,"[9, 14, 20, 29, 36, 38]",[4]
471,"[6, 9, 10, 13, 28, 38]",[6]
472,"[5, 11, 16, 17, 23, 38]",[2]
473,"[5, 8, 12, 26, 30, 36]",[4]
474,"[1, 8, 11, 14, 15, 19]",[3]
475,"[1, 6, 8, 17, 25, 33]",[2]
476,"[4, 6, 11, 14, 18, 24]",[5]
477,"[9, 10, 24, 25, 27, 33]",[2]
478,"[2, 13, 17, 19, 26, 36]",[6]
479,"[2, 8, 26, 32, 33, 37]",[7]
480,"[9, 14, 20, 29, 36, 38]",[4]
481,"[6, 9, 10, 13, 28, 38]",[6]
482,"[5, 11, 16, 17, 23, 38]",[2]
483,"[5, 8, 12, 26, 30, 36]",[4]
484,"[1, 8, 11, 14, 15, 19]",[3]
485,"[1, 6, 8, 17, 25, 33]",[2]
486,"[4, 6, 11, 14, 18, 24]",[5]
487,"[9, 10, 24, 25, 27, 33]",[2]
488,"[2, 13, 17, 19, 26, 36]",[6]
489,"[2, 8, 26, 32, 33, 37]",[7]
490,"[9, 14, 20, 29, 36, 38]",[4]
491,"[6, 9, 10, 13, 28, 38]",[6]
492,"[5, 11, 16, 17, 23, 38]",[2]
493,"[5, 8, 12, 26, 30, 36]",[4]
494,"[1, 8, 11, 14, 15, 19]",[3]
495,"[1, 6, 8, 17, 25, 33]",[2]
496,"[4, 6, 11, 14, 18, 24]",[5]
497,"[9, 10, 24, 25, 27, 33]",[2]
498,"[2, 13, 17, 19, 26, 36]",[6]
499,"[2, 8, 26, 32, 33, 37]",[7]
500,"[9, 14, 20, 29, 36, 38]",[4]
501,"[6, 9, 10, 13, 28, 38]",[6]
502,"[5, 11, 16, 17, 23, 38]",[2]
503,"[5, 8, 12, 26, 30, 36]",[4]
504,"[1, 8, 11, 14, 15, 19]",[3]
505,"[1, 6, 8, 17, 25, 33]",[2]
506,"[4, 6, 11, 14, 18, 24]",[5]
507,"[9, 10, 24, 25, 27, 33]",[2]
508,"[2, 13, 17, 19, 26, 36]",[6]
509,"[2, 8, 26, 32, 33, 37]",[7]
510,"[9, 14, 20, 29, 36, 38]",[4]
511,"[6, 9, 10, 13, 28, 38]",[6]
512,"[5, 11, 16, 17, 23, 38]",[2]
513,"[6, 13, 16, 26, 32, 33]",[3]
514,"[5, 8, 12, 19, 25, 38]",[3]
515,"[3, 6, 11, 26, 31, 38]",[6]
516,"[2, 12, 21, 24, 34, 37]",[5]
517,"[13, 15, 16, 30, 32, 37]",[6]
518,"[1, 14, 18, 23, 28, 29]",[7]
519,"[2, 10, 12, 15, 16, 21]",[5]
520,"[3, 8, 22, 23, 24, 36]",[4]
521,"[1, 3, 7, 17, 24, 28]",[7]
522,"[1, 6, 12, 24, 25, 30]",[3]
523,"[6, 13, 16, 26, 32, 33]",[3]
524,"[5, 8, 12, 19, 25, 38]",[3]
525,"[3, 6, 11, 26, 31, 38]",[6]
526,"[2, 12, 21, 24, 34, 37]",[5]
527,"[13, 15, 16, 30, 32, 37]",[6]
528,"[1, 14, 18, 23, 28, 29]",[7]
529,"[2, 10, 12, 15, 16, 21]",[5]
530,"[3, 8, 22, 23, 24, 36]",[4]
531,"[1, 3, 7, 17, 24, 28]",[7]
532,"[1, 6, 12, 24, 25, 30]",[3]
533,"[6, 13, 16, 26, 32, 33]",[3]
534,"[5, 8, 12, 19, 25, 38]",[3]
535,"[3, 6, 11, 26, 31, 38]",[6]
536,"[2, 12, 21, 24, 34, 37]",[5]
537,"[13, 15, 16, 30, 32, 37]",[6]
538,"[1, 14, 18, 23, 28, 29]",[7]
539,"[2, 10, 12, 15, 16, 21]",[5]
540,"[3, 8, 22, 23, 24, 36]",[4]
541,"[1, 3, 7, 17, 24, 28]",[7]
542,"[1, 6, 12, 24, 25, 30]",[3]
543,"[6, 13, 16, 26, 32, 33]",[3]
544,"[5, 8, 12, 19, 25, 38]",[3]
545,"[3, 6, 11, 26, 31, 38]",[6]
546,"[2, 12, 21, 24, 34, 37]",[5]
547,"[13, 15, 16, 30, 32, 37]",[6]
548,"[1, 14, 18, 23, 28, 29]",[7]
549,"[2, 10, 12, 15, 16, 21]",[5]
550,"[3, 8, 22, 23, 24, 36]",[4]
551,"[1, 3, 7, 17, 24, 28]",[7]
552,"[1, 6, 12, 24, 25, 30]",[3]
553,"[6, 13, 16, 26, 32, 33]",[3]
554,"[5, 8, 12, 19, 25, 38]",[3]
555,"[3, 6, 11, 26, 31, 38]",[6]
556,"[2, 12, 21, 24, 34, 37]",[5]
557,"[13, 15, 16, 30, 32, 37]",[6]
558,"[1, 14, 18, 23, 28, 29]",[7]
559,"[2, 10, 12, 15, 16, 21]",[5]
560,"[3, 8, 22, 23, 24, 36]",[4]
561,"[1, 3, 7, 17, 24, 28]",[7]
562,"[1, 6, 12, 24, 25, 30]",[3]
563,"[3, 10, 15, 16, 23, 38]",[3]
564,"[3, 4, 7, 17, 20, 22]",[5]
565,"[17, 19, 20, 24, 26, 36]",[3]
566,"[7, 8, 13, 28, 29, 34]",[2]
567,"[10, 13, 14, 17, 20, 21]",[2]
568,"[14, 17, 20, 28, 29, 34]",[5]
569,"[9, 16, 18, 26, 30, 37]",[5]
570,"[1, 11, 13, 20, 21, 38]",[2]
571,"[4, 15, 17, 20, 25, 28]",[1]
572,"[8, 18, 19, 20, 23, 37]",[8]
573,"[1, 9, 16, 21, 27, 31]",[5]
574,"[2, 9, 19, 26, 29, 31]",[1]
575,"[13, 14, 19, 24, 32, 38]",[1]
576,"[5, 7, 24, 26, 34, 38]",[3]
577,"[10, 11, 17, 30, 33, 35]",[8]
578,"[6, 8, 10, 11, 12, 21]",[6]
579,"[2, 7, 9, 16, 17, 25]",[7]
580,"[4, 17, 20, 25, 27, 33]",[6]
581,"[15, 17, 19, 20, 24, 27]",[8]
582,"[6, 7, 8, 12, 28, 30]",[1]
583,"[3, 13, 17, 26, 34, 38]",[8]
584,"[1, 4, 18, 25, 34, 36]",[1]
585,"[3, 4, 15, 16, 24, 34]",[4]
586,"[4, 6, 11, 16, 18, 23]",[4]
587,"[2, 4, 8, 22, 26, 37]",[1]
588,"[5, 13, 22, 25, 26, 31]",[5]
589,"[1, 3, 21, 26, 32, 34]",[2]
590,"[2, 3, 7, 12, 14, 22]",[4]
591,"[8, 10, 14, 15, 18, 29]",[2]
592,"[2, 5, 8, 9, 14, 18]",[4]
593,"[4, 10, 15, 16, 17, 28]",[1]
594,"[4, 12, 15, 17, 22, 30]",[3]
595,"[1, 3, 17, 20, 26, 31]",[2]
596,"[9, 11, 12, 13, 24, 30]",[4]
597,"[1, 8, 13, 19, 30, 35]",[5]
598,"[1, 5, 12, 22, 30, 32]",[8]
599,"[4, 6, 7, 22, 25, 37]",[4]
600,"[1, 17, 18, 21, 25, 37]",[1]
601,"[1, 8, 9, 29, 35, 38]",[1]
602,"[11, 15, 17, 26, 29, 34]",[1]
603,"[5, 19, 25, 29, 32, 34]",[8]
604,"[9, 10, 13, 15, 22, 35]",[3]
605,"[6, 10, 11, 25, 32, 38]",[3]
606,"[13, 16, 18, 19, 30, 33]",[3]
607,"[5, 14, 16, 21, 22, 28]",[5]
608,"[8, 12, 21, 30, 34, 35]",[5]
609,"[3, 7, 8, 11, 31, 32]",[3]
610,"[4, 7, 19, 20, 25, 36]",[8]
611,"[17, 19, 20, 27, 31, 37]",[3]
612,"[3, 6, 12, 18, 20, 35]",[2]
613,"[6, 9, 13, 21, 24, 30]",[5]
614,"[8, 13, 23, 28, 34, 35]",[2]
615,"[7, 9, 15, 20, 30, 31]",[5]
616,"[1, 8, 9, 11, 26, 29]",[4]
617,"[2, 4, 15, 16, 25, 36]",[3]
618,"[1, 5, 8, 31, 34, 35]",[2]
619,"[1, 8, 11, 13, 20, 37]",[1]
620,"[7, 15, 22, 24, 26, 34]",[1]
621,"[2, 5, 10, 11, 36, 38]",[3]
622,"[1, 4, 15, 17, 30, 32]",[3]
623,"[6, 9, 13, 21, 24, 30]",[5]
624,"[8, 13, 23, 28, 34, 35]",[2]
625,"[7, 9, 15, 20, 30, 31]",[5]
626,"[1, 8, 9, 11, 26, 29]",[4]
627,"[2, 4, 15, 16, 25, 36]",[3]
628,"[1, 5, 8, 31, 34, 35]",[2]
629,"[1, 8, 11, 13, 20, 37]",[1]
630,"[7, 15, 22, 24, 26, 34]",[1]
631,"[2, 5, 10, 11, 36, 38]",[3]
632,"[1, 4, 15, 17, 30, 32]",[3]
633,"[6, 9, 13, 21, 24, 30]",[5]
634,"[8, 13, 23, 28, 34, 35]",[2]
635,"[7, 9, 15, 20, 30, 31]",[5]
636,"[1, 8, 9, 11, 26, 29]",[4]
637,"[2, 4, 15, 16, 25, 36]",[3]
638,"[1, 5, 8, 31, 34, 35]",[2]
639,"[1, 8, 11, 13, 20, 37]",[1]
640,"[7, 15, 22, 24, 26, 34]",[1]
641,"[2, 5, 10, 11, 36, 38]",[3]
642,"[1, 4, 15, 17, 30, 32]",[3]
643,"[6, 9, 13, 21, 24, 30]",[5]
644,"[8, 13, 23, 28, 34, 35]",[2]
645,"[7, 9, 15, 20, 30, 31]",[5]
646,"[1, 8, 9, 11, 26, 29]",[4]
647,"[2, 4, 15, 16, 25, 36]",[3]
648,"[1, 5, 8, 31, 34, 35]",[2]
649,"[1, 8, 11, 13, 20, 37]",[1]
650,"[7, 15, 22, 24, 26, 34]",[1]
651,"[2, 5, 10, 11, 36, 38]",[3]
652,"[1, 4, 15, 17, 30, 32]",[3]
653,"[6, 9, 13, 21, 24, 30]",[5]
654,"[8, 13, 23, 28, 34, 35]",[2]
655,"[7, 9, 15, 20, 30, 31]",[5]
656,"[1, 8, 9, 11, 26, 29]",[4]
657,"[2, 4, 15, 16, 25, 36]",[3]
658,"[1, 5, 8, 31, 34, 35]",[2]
659,"[1, 8, 11, 13, 20, 37]",[1]
660,"[7, 15, 22, 24, 26, 34]",[1]
661,"[2, 5, 10, 11, 36, 38]",[3]
662,"[1, 4, 15, 17, 30, 32]",[3]
663,"[6, 11, 12, 14, 27, 31]",[4]
664,"[4, 6, 12, 28, 29, 37]",[3]
665,"[3, 7, 14, 17, 26, 38]",[7]
666,"[4, 9, 13, 14, 19, 37]",[2]
667,"[2, 4, 7, 16, 17, 23]",[1]
668,"[4, 6, 11, 18, 24, 26]",[4]
669,"[1, 6, 12, 24, 25, 35]",[6]
670,"[1, 14, 16, 19, 24, 35]",[8]
671,"[2, 11, 23, 24, 34, 35]",[4]
672,"[1, 7, 9, 19, 30, 37]",[4]
673,"[6, 8, 10, 12, 18, 38]",[3]
674,"[1, 2, 7, 33, 36, 37]",[5]
675,"[1, 13, 15, 22, 26, 33]",[6]
676,"[5, 10, 12, 16, 31, 37]",[7]
677,"[5, 12, 22, 34, 35, 38]",[2]
678,"[7, 8, 14, 15, 18, 29]",[2]
679,"[3, 4, 27, 29, 35, 38]",[2]
680,"[2, 8, 11, 15, 20, 21]",[2]
681,"[5, 13, 14, 23, 30, 32]",[2]
682,"[6, 7, 18, 20, 24, 32]",[7]
683,"[6, 7, 11, 23, 25, 26]",[4]
684,"[3, 8, 14, 19, 28, 34]",[2]
685,"[18, 20, 25, 32, 37, 38]",[1]
686,"[1, 2, 6, 11, 16, 29]",[7]
687,"[12, 16, 17, 24, 35, 38]",[4]
688,"[6, 12, 14, 15, 20, 24]",[7]
689,"[4, 9, 21, 22, 25, 33]",[7]
690,"[1, 3, 25, 28, 30, 36]",[2]
691,"[2, 15, 20, 21, 33, 34]",[3]
692,"[1, 9, 10, 20, 30, 37]",[3]
693,"[3, 7, 8, 10, 18, 31]",[4]
694,"[2, 8, 16, 17, 24, 38]",[5]
695,"[2, 5, 7, 8, 15, 24]",[7]
696,"[3, 7, 25, 26, 35, 36]",[5]
697,"[15, 16, 18, 20, 23, 24]",[3]
698,"[2, 7, 10, 17, 31, 32]",[3]
699,"[4, 8, 15, 24, 35, 36]",[6]
700,"[7, 13, 18, 24, 29, 37]",[7]
701,"[4, 7, 9, 21, 31, 34]",[2]
702,"[8, 11, 15, 17, 21, 31]",[7]
703,"[3, 7, 8, 10, 18, 31]",[4]
704,"[2, 8, 16, 17, 24, 38]",[5]
705,"[2, 5, 7, 8, 15, 24]",[7]
706,"[3, 7, 25, 26, 35, 36]",[5]
707,"[15, 16, 18, 20, 23, 24]",[3]
708,"[2, 7, 10, 17, 31, 32]",[3]
709,"[4, 8, 15, 24, 35, 36]",[6]
710,"[7, 13, 18, 24, 29, 37]",[7]
711,"[4, 7, 9, 21, 31, 34]",[2]
712,"[8, 11, 15, 17, 21, 31]",[7]
713,"[7, 11, 22, 24, 31, 36]",[3]
714,"[9, 10, 16, 29, 32, 38]",[6]
715,"[6, 9, 12, 23, 28, 34]",[5]
716,"[2, 4, 9, 13, 33, 36]",[6]
717,"[5, 11, 15, 20, 26, 31]",[4]
718,"[1, 8, 16, 18, 22, 30]",[6]
719,"[13, 23, 30, 32, 33, 35]",[8]
720,"[5, 12, 18, 27, 34, 38]",[5]
721,"[13, 18, 26, 30, 32, 36]",[3]
722,"[1, 7, 10, 15, 16, 28]",[2]
723,"[10, 14, 23, 28, 32, 36]",[2]
724,"[7, 8, 28, 29, 37, 38]",[1]
725,"[5, 6, 13, 15, 17, 30]",[7]
726,"[1, 4, 5, 15, 27, 29]",[4]
727,"[9, 19, 22, 29, 30, 34]",[4]
728,"[4, 5, 14, 21, 26, 36]",[5]
729,"[10, 15, 20, 24, 27, 34]",[8]
730,"[5, 11, 12, 26, 31, 33]",[7]
731,"[1, 5, 6, 8, 14, 27]",[4]
732,"[4, 13, 19, 23, 24, 29]",[5]
733,"[1, 6, 10, 20, 23, 35]",[6]
734,"[2, 5, 6, 10, 33, 36]",[3]
735,"[7, 11, 20, 29, 34, 38]",[4]
736,"[5, 7, 14, 19, 33, 34]",[3]
737,"[2, 7, 26, 27, 32, 36]",[2]
738,"[2, 6, 13, 20, 28, 37]",[2]
739,"[5, 10, 11, 20, 22, 36]",[6]
740,"[14, 15, 19, 24, 25, 37]",[6]
741,"[7, 8, 12, 15, 18, 31]",[6]
742,"[3, 4, 6, 17, 29, 37]",[7]
743,"[9, 11, 13, 23, 33, 36]",[3]
744,"[10, 18, 21, 27, 31, 33]",[3]
745,"[4, 7, 21, 25, 35, 37]",[4]
746,"[10, 14, 18, 21, 29, 37]",[5]
747,"[7, 8, 23, 29, 32, 34]",[5]
748,"[1, 13, 30, 31, 33, 37]",[8]
749,"[12, 16, 23, 26, 29, 33]",[7]
750,"[1, 8, 17, 22, 24, 26]",[6]
751,"[5, 8, 14, 28, 30, 38]",[5]
752,"[1, 22, 31, 33, 35, 37]",[3]
753,"[9, 11, 13, 23, 33, 36]",[3]
754,"[10, 18, 21, 27, 31, 33]",[3]
755,"[4, 7, 21, 25, 35, 37]",[4]
756,"[10, 14, 18, 21, 29, 37]",[5]
757,"[7, 8, 23, 29, 32, 34]",[5]
758,"[1, 13, 30, 31, 33, 37]",[8]
759,"[12, 16, 23, 26, 29, 33]",[7]
760,"[1, 8, 17, 22, 24, 26]",[6]
761,"[5, 8, 14, 28, 30, 38]",[5]
762,"[1, 22, 31, 33, 35, 37]",[3]
763,"[9, 11, 13, 23, 33, 36]",[3]
764,"[10, 18, 21, 27, 31, 33]",[3]
765,"[4, 7, 21, 25, 35, 37]",[4]
766,"[10, 14, 18, 21, 29, 37]",[5]
767,"[7, 8, 23, 29, 32, 34]",[5]
768,"[1, 13, 30, 31, 33, 37]",[8]
769,"[12, 16, 23, 26, 29, 33]",[7]
770,"[1, 8, 17, 22, 24, 26]",[6]
771,"[5, 8, 14, 28, 30, 38]",[5]
772,"[1, 22, 31, 33, 35, 37]",[3]
773,"[9, 11, 13, 23, 33, 36]",[3]
774,"[10, 18, 21, 27, 31, 33]",[3]
775,"[4, 7, 21, 25, 35, 37]",[4]
776,"[10, 14, 18, 21, 29, 37]",[5]
777,"[7, 8, 23, 29, 32, 34]",[5]
778,"[1, 13, 30, 31, 33, 37]",[8]
779,"[12, 16, 23, 26, 29, 33]",[7]
780,"[1, 8, 17, 22, 24, 26]",[6]
781,"[5, 8, 14, 28, 30, 38]",[5]
782,"[1, 22, 31, 33, 35, 37]",[3]
783,"[9, 11, 13, 23, 33, 36]",[3]
784,"[10, 18, 21, 27, 31, 33]",[3]
785,"[4, 7, 21, 25, 35, 37]",[4]
786,"[10, 14, 18, 21, 29, 37]",[5]
787,"[7, 8, 23, 29, 32, 34]",[5]
788,"[1, 13, 30, 31, 33, 37]",[8]
789,"[12, 16, 23, 26, 29, 33]",[7]
790,"[1, 8, 17, 22, 24, 26]",[6]
791,"[5, 8, 14, 28, 30, 38]",[5]
792,"[1, 22, 31, 33, 35, 37]",[3]
793,"[1, 2, 12, 16, 21, 35]",[3]
794,"[6, 14, 17, 18, 32, 38]",[2]
795,"[1, 18, 22, 26, 35, 38]",[2]
796,"[3, 6, 8, 17, 21, 37]",[1]
797,"[5, 6, 14, 26, 31, 38]",[6]
798,"[13, 20, 22, 23, 29, 38]",[8]
799,"[1, 9, 14, 26, 30, 37]",[6]
800,"[7, 25, 27, 31, 36, 37]",[7]
801,"[5, 10, 14, 31, 34, 38]",[2]
802,"[2, 5, 11, 17, 23, 27]",[2]
803,"[1, 21, 29, 31, 33, 34]",[2]
804,"[6, 16, 22, 23, 31, 34]",[8]
805,"[14, 18, 19, 26, 27, 29]",[6]
806,"[5, 8, 12, 15, 31, 33]",[5]
807,"[2, 6, 7, 9, 21, 32]",[4]
808,"[2, 9, 11, 19, 31, 35]",[4]
809,"[3, 10, 14, 21, 23, 36]",[3]
810,"[10, 12, 24, 27, 35, 38]",[6]
811,"[6, 13, 14, 24, 29, 38]",[8]
812,"[11, 16, 17, 33, 34, 38]",[8]
813,"[1, 21, 29, 31, 33, 34]",[2]
814,"[6, 16, 22, 23, 31, 34]",[8]
815,"[14, 18, 19, 26, 27, 29]",[6]
816,"[5, 8, 12, 15, 31, 33]",[5]
817,"[2, 6, 7, 9, 21, 32]",[4]
818,"[2, 9, 11, 19, 31, 35]",[4]
819,"[3, 10, 14, 21, 23, 36]",[3]
820,"[10, 12, 24, 27, 35, 38]",[6]
821,"[6, 13, 14, 24, 29, 38]",[8]
822,"[11, 16, 17, 33, 34, 38]",[8]
823,"[1, 21, 29, 31, 33, 34]",[2]
824,"[6, 16, 22, 23, 31, 34]",[8]
825,"[14, 18, 19, 26, 27, 29]",[6]
826,"[5, 8, 12, 15, 31, 33]",[5]
827,"[2, 6, 7, 9, 21, 32]",[4]
828,"[2, 9, 11, 19, 31, 35]",[4]
829,"[3, 10, 14, 21, 23, 36]",[3]
830,"[10, 12, 24, 27, 35, 38]",[6]
831,"[6, 13, 14, 24, 29, 38]",[8]
832,"[11, 16, 17, 33, 34, 38]",[8]
833,"[1, 21, 29, 31, 33, 34]",[2]
834,"[6, 16, 22, 23, 31, 34]",[8]
835,"[14, 18, 19, 26, 27, 29]",[6]
836,"[5, 8, 12, 15, 31, 33]",[5]
837,"[2, 6, 7, 9, 21, 32]",[4]
838,"[2, 9, 11, 19, 31, 35]",[4]
839,"[3, 10, 14, 21, 23, 36]",[3]
840,"[10, 12, 24, 27, 35, 38]",[6]
841,"[6, 13, 14, 24, 29, 38]",[8]
842,"[11, 16, 17, 33, 34, 38]",[8]
843,"[3, 12, 17, 27, 28, 38]",[4]
844,"[3, 5, 12, 24, 25, 28]",[6]
845,"[3, 11, 14, 15, 35, 38]",[2]
846,"[1, 10, 16, 23, 30, 32]",[2]
847,"[9, 11, 21, 27, 28, 38]",[4]
848,"[1, 12, 15, 19, 22, 32]",[5]
849,"[4, 14, 20, 30, 37, 38]",[4]
850,"[2, 9, 14, 16, 18, 19]",[6]
851,"[9, 15, 17, 18, 22, 28]",[6]
852,"[1, 6, 8, 15, 24, 37]",[7]
853,"[3, 12, 17, 27, 28, 38]",[4]
854,"[3, 5, 12, 24, 25, 28]",[6]
855,"[3, 11, 14, 15, 35, 38]",[2]
856,"[1, 10, 16, 23, 30, 32]",[2]
857,"[9, 11, 21, 27, 28, 38]",[4]
858,"[1, 12, 15, 19, 22, 32]",[5]
859,"[4, 14, 20, 30, 37, 38]",[4]
860,"[2, 9, 14, 16, 18, 19]",[6]
861,"[9, 15, 17, 18, 22, 28]",[6]
862,"[1, 6, 8, 15, 24, 37]",[7]
863,"[3, 12, 17, 27, 28, 38]",[4]
864,"[3, 5, 12, 24, 25, 28]",[6]
865,"[3, 11, 14, 15, 35, 38]",[2]
866,"[1, 10, 16, 23, 30, 32]",[2]
867,"[9, 11, 21, 27, 28, 38]",[4]
868,"[1, 12, 15, 19, 22, 32]",[5]
869,"[4, 14, 20, 30, 37, 38]",[4]
870,"[2, 9, 14, 16, 18, 19]",[6]
871,"[9, 15, 17, 18, 22, 28]",[6]
872,"[1, 6, 8, 15, 24, 37]",[7]
873,"[7, 8, 10, 21, 27, 34]",[4]
874,"[13, 15, 16, 23, 27, 30]",[2]
875,"[4, 8, 12, 17, 21, 35]",[8]
876,"[15, 22, 28, 29, 30, 38]",[7]
877,"[2, 15, 21, 23, 31, 36]",[1]
878,"[3, 6, 26, 29, 33, 36]",[5]
879,"[2, 8, 14, 16, 29, 37]",[6]
880,"[2, 7, 11, 25, 26, 28]",[4]
881,"[4, 8, 14, 16, 27, 34]",[2]
882,"[3, 8, 16, 24, 31, 38]",[6]
883,"[9, 10, 19, 25, 27, 32]",[5]
884,"[7, 9, 19, 26, 28, 31]",[8]
885,"[3, 6, 7, 13, 17, 28]",[3]
886,"[6, 16, 21, 32, 35, 38]",[7]
887,"[10, 11, 14, 24, 34, 38]",[3]
888,"[3, 11, 12, 22, 24, 27]",[6]
889,"[1, 9, 15, 17, 18, 38]",[6]
890,"[10, 15, 18, 28, 29, 33]",[5]
891,"[4, 12, 19, 23, 30, 33]",[5]
892,"[8, 20, 23, 27, 36, 37]",[4]
893,"[3, 7, 9, 20, 28, 32]",[5]
894,"[1, 16, 20, 25, 30, 33]",[1]
895,"[1, 4, 8, 11, 19, 23]",[3]
896,"[7, 13, 22, 32, 34, 37]",[7]
897,"[3, 19, 20, 26, 32, 34]",[8]
898,"[3, 9, 23, 26, 30, 36]",[5]
899,"[20, 23, 24, 25, 29, 32]",[8]
900,"[6, 15, 18, 22, 34, 35]",[3]
901,"[1, 16, 17, 29, 30, 32]",[7]
902,"[9, 11, 13, 17, 27, 34]",[6]
903,"[19, 27, 33, 34, 35, 36]",[4]
904,"[5, 14, 28, 34, 35, 38]",[6]
905,"[11, 13, 18, 26, 28, 29]",[7]
906,"[3, 13, 22, 26, 31, 37]",[6]
907,"[5, 11, 12, 26, 30, 37]",[5]
908,"[13, 17, 23, 27, 29, 34]",[5]
909,"[1, 6, 11, 14, 20, 38]",[5]
910,"[6, 8, 13, 15, 17, 29]",[5]
911,"[2, 6, 7, 9, 16, 25]",[1]
912,"[11, 12, 26, 30, 32, 34]",[8]
913,"[13, 19, 20, 23, 32, 34]",[4]
914,"[7, 8, 17, 19, 20, 30]",[2]
915,"[4, 13, 20, 27, 33, 38]",[1]
916,"[3, 4, 5, 7, 19, 38]",[4]
917,"[1, 5, 9, 15, 19, 22]",[5]
918,"[3, 5, 27, 28, 35, 37]",[5]
919,"[2, 9, 15, 20, 22, 23]",[5]
920,"[1, 2, 13, 15, 29, 33]",[3]
921,"[6, 7, 13, 26, 28, 33]",[5]
922,"[1, 11, 12, 20, 24, 37]",[8]
923,"[3, 14, 21, 25, 28, 36]",[3]
924,"[3, 10, 11, 18, 19, 33]",[5]
925,"[2, 9, 19, 20, 31, 32]",[7]
926,"[4, 8, 16, 24, 26, 33]",[6]
927,"[4, 17, 25, 27, 32, 37]",[1]
928,"[9, 10, 24, 31, 35, 36]",[7]
929,"[4, 19, 23, 31, 33, 35]",[2]
930,"[7, 9, 10, 16, 19, 22]",[8]
931,"[20, 22, 30, 32, 36, 37]",[1]
932,"[2, 6, 14, 16, 23, 31]",[3]
933,"[3, 14, 21, 25, 28, 36]",[3]
934,"[3, 10, 11, 18, 19, 33]",[5]
935,"[2, 9, 19, 20, 31, 32]",[7]
936,"[4, 8, 16, 24, 26, 33]",[6]
937,"[4, 17, 25, 27, 32, 37]",[1]
938,"[9, 10, 24, 31, 35, 36]",[7]
939,"[4, 19, 23, 31, 33, 35]",[2]
940,"[7, 9, 10, 16, 19, 22]",[8]
941,"[20, 22, 30, 32, 36, 37]",[1]
942,"[2, 6, 14, 16, 23, 31]",[3]
943,"[3, 14, 21, 25, 28, 36]",[3]
944,"[3, 10, 11, 18, 19, 33]",[5]
945,"[2, 9, 19, 20, 31, 32]",[7]
946,"[4, 8, 16, 24, 26, 33]",[6]
947,"[4, 17, 25, 27, 32, 37]",[1]
948,"[9, 10, 24, 31, 35, 36]",[7]
949,"[4, 19, 23, 31, 33, 35]",[2]
950,"[7, 9, 10, 16, 19, 22]",[8]
951,"[20, 22, 30, 32, 36, 37]",[1]
952,"[2, 6, 14, 16, 23, 31]",[3]
953,"[3, 14, 21, 25, 28, 36]",[3]
954,"[3, 10, 11, 18, 19, 33]",[5]
955,"[2, 9, 19, 20, 31, 32]",[7]
956,"[4, 8, 16, 24, 26, 33]",[6]
957,"[4, 17, 25, 27, 32, 37]",[1]
958,"[9, 10, 24, 31, 35, 36]",[7]
959,"[4, 19, 23, 31, 33, 35]",[2]
960,"[7, 9, 10, 16, 19, 22]",[8]
961,"[20, 22, 30, 32, 36, 37]",[1]
962,"[2, 6, 14, 16, 23, 31]",[3]
963,"[5, 12, 13, 22, 27, 30]",[8]
964,"[3, 5, 13, 16, 24, 26]",[3]
965,"[1, 2, 5, 11, 25, 33]",[4]
966,"[9, 11, 24, 27, 34, 35]",[4]
967,"[9, 19, 21, 23, 27, 37]",[8]
968,"[15, 22, 25, 26, 32, 34]",[4]
969,"[7, 24, 25, 28, 31, 34]",[3]
970,"[3, 4, 5, 15, 16, 33]",[6]
971,"[12, 15, 24, 31, 36, 37]",[6]
972,"[2, 17, 23, 27, 30, 34]",[1]
973,"[13, 17, 18, 22, 29, 31]",[3]
974,"[3, 7, 20, 21, 24, 33]",[8]
975,"[15, 19, 23, 27, 28, 33]",[2]
976,"[6, 13, 25, 27, 29, 33]",[1]
977,"[6, 16, 18, 20, 24, 38]",[7]
978,"[6, 8, 9, 14, 22, 24]",[3]
979,"[17, 18, 28, 30, 36, 38]",[4]
980,"[3, 9, 11, 16, 23, 24]",[4]
981,"[4, 7, 23, 26, 30, 36]",[7]
982,"[2, 3, 11, 16, 18, 29]",[4]
983,"[13, 17, 18, 22, 29, 31]",[3]
984,"[3, 7, 20, 21, 24, 33]",[8]
985,"[15, 19, 23, 27, 28, 33]",[2]
986,"[6, 13, 25, 27, 29, 33]",[1]
987,"[6, 16, 18, 20, 24, 38]",[7]
988,"[6, 8, 9, 14, 22, 24]",[3]
989,"[17, 18, 28, 30, 36, 38]",[4]
990,"[3, 9, 11, 16, 23, 24]",[4]
991,"[4, 7, 23, 26, 30, 36]",[7]
992,"[2, 3, 11, 16, 18, 29]",[4]
993,"[13, 17, 18, 22, 29, 31]",[3]
994,"[3, 7, 20, 21, 24, 33]",[8]
995,"[15, 19, 23, 27, 28, 33]",[2]
996,"[6, 13, 25, 27, 29, 33]",[1]
997,"[6, 16, 18, 20, 24, 38]",[7]
998,"[6, 8, 9, 14, 22, 24]",[3]
999,"[17, 18, 28, 30, 36, 38]",[4]
1000,"[3, 9, 11, 16, 23, 24]",[4]
1001,"[4, 7, 23, 26, 30, 36]",[7]
1002,"[2, 3, 11, 16, 18, 29]",[4]
1003,"[13, 17, 18, 22, 29, 31]",[3]
1004,"[3, 7, 20, 21, 24, 33]",[8]
1005,"[15, 19, 23, 27, 28, 33]",[2]
1006,"[6, 13, 25, 27, 29, 33]",[1]
1007,"[6, 16, 18, 20, 24, 38]",[7]
1008,"[6, 8, 9, 14, 22, 24]",[3]
1009,"[17, 18, 28, 30, 36, 38]",[4]
1010,"[3, 9, 11, 16, 23, 24]",[4]
1011,"[4, 7, 23, 26, 30, 36]",[7]
1012,"[2, 3, 11, 16, 18, 29]",[4]
1013,"[13, 16, 28, 33, 35, 37]",[8]
1014,"[1, 2, 7, 24, 31, 38]",[8]
1015,"[1, 12, 17, 27, 29, 31]",[6]
1016,"[3, 4, 15, 27, 32, 36]",[5]
1017,"[7, 11, 12, 14, 22, 27]",[3]
1018,"[7, 23, 29, 31, 36, 37]",[8]
1019,"[7, 24, 25, 26, 27, 29]",[7]
1020,"[3, 8, 10, 17, 27, 37]",[8]
1021,"[3, 5, 11, 19, 26, 27]",[2]
1022,"[5, 8, 13, 17, 21, 38]",[5]
1023,"[4, 7, 8, 25, 31, 35]",[8]
1024,"[9, 24, 26, 27, 37, 38]",[6]
1025,"[6, 10, 11, 13, 19, 28]",[1]
1026,"[3, 15, 21, 24, 33, 35]",[2]
1027,"[2, 23, 25, 32, 34, 37]",[6]
1028,"[19, 21, 22, 25, 31, 33]",[1]
1029,"[4, 7, 11, 25, 30, 38]",[4]
1030,"[1, 6, 12, 15, 25, 37]",[2]
1031,"[5, 6, 13, 17, 23, 38]",[8]
1032,"[10, 15, 16, 22, 30, 35]",[5]
1033,"[3, 5, 10, 23, 30, 31]",[4]
1034,"[7, 13, 18, 24, 26, 27]",[6]
1035,"[6, 8, 13, 16, 25, 33]",[3]
1036,"[12, 13, 23, 26, 32, 35]",[4]
1037,"[2, 12, 14, 26, 34, 37]",[2]
1038,"[9, 11, 15, 25, 28, 38]",[3]
1039,"[11, 21, 22, 24, 25, 26]",[6]
1040,"[3, 8, 26, 28, 29, 35]",[3]
1041,"[5, 12, 20, 23, 32, 37]",[2]
1042,"[2, 6, 11, 12, 15, 28]",[2]
1043,"[3, 5, 10, 23, 30, 31]",[4]
1044,"[7, 13, 18, 24, 26, 27]",[6]
1045,"[6, 8, 13, 16, 25, 33]",[3]
1046,"[12, 13, 23, 26, 32, 35]",[4]
1047,"[2, 12, 14, 26, 34, 37]",[2]
1048,"[9, 11, 15, 25, 28, 38]",[3]
1049,"[11, 21, 22, 24, 25, 26]",[6]
1050,"[3, 8, 26, 28, 29, 35]",[3]
1051,"[5, 12, 20, 23, 32, 37]",[2]
1052,"[2, 6, 11, 12, 15, 28]",[2]
1053,"[3, 5, 10, 23, 30, 31]",[4]
1054,"[7, 13, 18, 24, 26, 27]",[6]
1055,"[6, 8, 13, 16, 25, 33]",[3]
1056,"[12, 13, 23, 26, 32, 35]",[4]
1057,"[2, 12, 14, 26, 34, 37]",[2]
1058,"[9, 11, 15, 25, 28, 38]",[3]
1059,"[11, 21, 22, 24, 25, 26]",[6]
1060,"[3, 8, 26, 28, 29, 35]",[3]
1061,"[5, 12, 20, 23, 32, 37]",[2]
1062,"[2, 6, 11, 12, 15, 28]",[2]
1063,"[3, 5, 10, 23, 30, 31]",[4]
1064,"[7, 13, 18, 24, 26, 27]",[6]
1065,"[6, 8, 13, 16, 25, 33]",[3]
1066,"[12, 13, 23, 26, 32, 35]",[4]
1067,"[2, 12, 14, 26, 34, 37]",[2]
1068,"[9, 11, 15, 25, 28, 38]",[3]
1069,"[11, 21, 22, 24, 25, 26]",[6]
1070,"[3, 8, 26, 28, 29, 35]",[3]
1071,"[5, 12, 20, 23, 32, 37]",[2]
1072,"[2, 6, 11, 12, 15, 28]",[2]
1073,"[1, 7, 20, 22, 25, 32]",[8]
1074,"[1, 8, 12, 18, 19, 37]",[5]
1075,"[1, 8, 10, 19, 23, 24]",[5]
1076,"[6, 14, 24, 26, 36, 38]",[3]
1077,"[10, 12, 17, 18, 27, 32]",[5]
1078,"[6, 17, 30, 34, 35, 38]",[2]
1079,"[5, 8, 20, 22, 30, 34]",[8]
1080,"[1, 2, 14, 22, 27, 30]",[1]
1081,"[3, 12, 16, 18, 21, 36]",[3]
1082,"[2, 4, 8, 13, 24, 26]",[2]
1083,"[9, 11, 12, 21, 31, 36]",[7]
1084,"[8, 21, 22, 26, 32, 37]",[4]
1085,"[5, 13, 31, 34, 35, 38]",[2]
1086,"[4, 12, 13, 15, 23, 38]",[4]
1087,"[4, 5, 7, 23, 24, 30]",[2]
1088,"[7, 8, 10, 25, 33, 36]",[3]
1089,"[1, 3, 4, 15, 16, 34]",[2]
1090,"[3, 10, 16, 25, 29, 37]",[1]
1091,"[1, 4, 17, 24, 26, 27]",[7]
1092,"[1, 4, 14, 18, 29, 30]",[8]
1093,"[9, 11, 12, 21, 31, 36]",[7]
1094,"[8, 21, 22, 26, 32, 37]",[4]
1095,"[5, 13, 31, 34, 35, 38]",[2]
1096,"[4, 12, 13, 15, 23, 38]",[4]
1097,"[4, 5, 7, 23, 24, 30]",[2]
1098,"[7, 8, 10, 25, 33, 36]",[3]
1099,"[1, 3, 4, 15, 16, 34]",[2]
1100,"[3, 10, 16, 25, 29, 37]",[1]
1101,"[1, 4, 17, 24, 26, 27]",[7]
1102,"[1, 4, 14, 18, 29, 30]",[8]
1103,"[9, 11, 12, 21, 31, 36]",[7]
1104,"[8, 21, 22, 26, 32, 37]",[4]
1105,"[5, 13, 31, 34, 35, 38]",[2]
1106,"[4, 12, 13, 15, 23, 38]",[4]
1107,"[4, 5, 7, 23, 24, 30]",[2]
1108,"[7, 8, 10, 25, 33, 36]",[3]
1109,"[1, 3, 4, 15, 16, 34]",[2]
1110,"[3, 10, 16, 25, 29, 37]",[1]
1111,"[1, 4, 17, 24, 26, 27]",[7]
1112,"[1, 4, 14, 18, 29, 30]",[8]
1113,"[9, 11, 12, 21, 31, 36]",[7]
1114,"[8, 21, 22, 26, 32, 37]",[4]
1115,"[5, 13, 31, 34, 35, 38]",[2]
1116,"[4, 12, 13, 15, 23, 38]",[4]
1117,"[4, 5, 7, 23, 24, 30]",[2]
1118,"[7, 8, 10, 25, 33, 36]",[3]
1119,"[1, 3, 4, 15, 16, 34]",[2]
1120,"[3, 10, 16, 25, 29, 37]",[1]
1121,"[1, 4, 17, 24, 26, 27]",[7]
1122,"[1, 4, 14, 18, 29, 30]",[8]
1123,"[4, 12, 24, 25, 33, 38]",[4]
1124,"[14, 18, 26, 27, 30, 36]",[5]
1125,"[4, 8, 9, 21, 32, 33]",[2]
1126,"[1, 3, 16, 28, 29, 37]",[2]
1127,"[16, 25, 30, 35, 36, 37]",[5]
1128,"[3, 13, 17, 29, 36, 38]",[7]
1129,"[1, 6, 15, 23, 26, 34]",[6]
1130,"[1, 3, 5, 11, 17, 21]",[2]
1131,"[2, 4, 9, 10, 11, 37]",[2]
1132,"[3, 6, 10, 14, 23, 36]",[1]
1133,"[4, 12, 24, 25, 33, 38]",[4]
1134,"[14, 18, 26, 27, 30, 36]",[5]
1135,"[4, 8, 9, 21, 32, 33]",[2]
1136,"[1, 3, 16, 28, 29, 37]",[2]
1137,"[16, 25, 30, 35, 36, 37]",[5]
1138,"[3, 13, 17, 29, 36, 38]",[7]
1139,"[1, 6, 15, 23, 26, 34]",[6]
1140,"[1, 3, 5, 11, 17, 21]",[2]
1141,"[2, 4, 9, 10, 11, 37]",[2]
1142,"[3, 6, 10, 14, 23, 36]",[1]
1143,"[4, 12, 24, 25, 33, 38]",[4]
1144,"[14, 18, 26, 27, 30, 36]",[5]
1145,"[4, 8, 9, 21, 32, 33]",[2]
1146,"[1, 3, 16, 28, 29, 37]",[2]
1147,"[16, 25, 30, 35, 36, 37]",[5]
1148,"[3, 13, 17, 29, 36, 38]",[7]
1149,"[1, 6, 15, 23, 26, 34]",[6]
1150,"[1, 3, 5, 11, 17, 21]",[2]
1151,"[2, 4, 9, 10, 11, 37]",[2]
1152,"[3, 6, 10, 14, 23, 36]",[1]
1153,"[4, 12, 24, 25, 33, 38]",[4]
1154,"[14, 18, 26, 27, 30, 36]",[5]
1155,"[4, 8, 9, 21, 32, 33]",[2]
1156,"[1, 3, 16, 28, 29, 37]",[2]
1157,"[16, 25, 30, 35, 36, 37]",[5]
1158,"[3, 13, 17, 29, 36, 38]",[7]
1159,"[1, 6, 15, 23, 26, 34]",[6]
1160,"[1, 3, 5, 11, 17, 21]",[2]
1161,"[2, 4, 9, 10, 11, 37]",[2]
1162,"[3, 6, 10, 14, 23, 36]",[1]
1163,"[1, 4, 5, 13, 19, 37]",[2]
1164,"[1, 5, 18, 20, 26, 29]",[5]
1165,"[5, 10, 11, 15, 36, 38]",[6]
1166,"[7, 12, 13, 21, 24, 28]",[6]
1167,"[11, 20, 24, 27, 35, 38]",[8]
1168,"[2, 5, 7, 11, 22, 36]",[6]
1169,"[1, 2, 7, 14, 19, 31]",[7]
1170,"[1, 2, 21, 29, 33, 36]",[8]
1171,"[3, 5, 19, 22, 24, 32]",[2]
1172,"[12, 17, 30, 31, 33, 35]",[4]
1173,"[1, 4, 5, 13, 19, 37]",[2]
1174,"[1, 5, 18, 20, 26, 29]",[5]
1175,"[5, 10, 11, 15, 36, 38]",[6]
1176,"[7, 12, 13, 21, 24, 28]",[6]
1177,"[11, 20, 24, 27, 35, 38]",[8]
1178,"[2, 5, 7, 11, 22, 36]",[6]
1179,"[1, 2, 7, 14, 19, 31]",[7]
1180,"[1, 2, 21, 29, 33, 36]",[8]
1181,"[3, 5, 19, 22, 24, 32]",[2]
1182,"[12, 17, 30, 31, 33, 35]",[4]
1183,"[1, 4, 5, 13, 19, 37]",[2]
1184,"[1, 5, 18, 20, 26, 29]",[5]
1185,"[5, 10, 11, 15, 36, 38]",[6]
1186,"[7, 12, 13, 21, 24, 28]",[6]
1187,"[11, 20, 24, 27, 35, 38]",[8]
1188,"[2, 5, 7, 11, 22, 36]",[6]
1189,"[1, 2, 7, 14, 19, 31]",[7]
1190,"[1, 2, 21, 29, 33, 36]",[8]
1191,"[3, 5, 19, 22, 24, 32]",[2]
1192,"[12, 17, 30, 31, 33, 35]",[4]
1193,"[5, 6, 13, 24, 32, 34]",[1]
1194,"[12, 14, 15, 17, 27, 35]",[6]
1195,"[1, 6, 14, 17, 31, 34]",[8]
1196,"[5, 15, 19, 20, 32, 36]",[3]
1197,"[2, 6, 8, 11, 26, 38]",[7]
1198,"[6, 8, 9, 10, 27, 34]",[6]
1199,"[7, 9, 10, 24, 37, 38]",[8]
1200,"[8, 12, 27, 28, 35, 38]",[6]
1201,"[11, 21, 25, 30, 34, 37]",[1]
1202,"[9, 11, 12, 20, 24, 30]",[2]
1203,"[3, 19, 26, 30, 33, 35]",[2]
1204,"[2, 6, 7, 8, 9, 38]",[8]
1205,"[15, 20, 22, 25, 33, 35]",[7]
1206,"[4, 12, 13, 26, 31, 33]",[6]
1207,"[2, 8, 15, 27, 28, 36]",[7]
1208,"[10, 12, 22, 26, 28, 36]",[8]
1209,"[8, 15, 18, 23, 31, 37]",[8]
1210,"[5, 10, 15, 23, 24, 35]",[6]
1211,"[3, 14, 15, 20, 21, 28]",[8]
1212,"[5, 7, 15, 25, 29, 37]",[8]
1213,"[3, 19, 26, 30, 33, 35]",[2]
1214,"[2, 6, 7, 8, 9, 38]",[8]
1215,"[15, 20, 22, 25, 33, 35]",[7]
1216,"[4, 12, 13, 26, 31, 33]",[6]
1217,"[2, 8, 15, 27, 28, 36]",[7]
1218,"[10, 12, 22, 26, 28, 36]",[8]
1219,"[8, 15, 18, 23, 31, 37]",[8]
1220,"[5, 10, 15, 23, 24, 35]",[6]
1221,"[3, 14, 15, 20, 21, 28]",[8]
1222,"[5, 7, 15, 25, 29, 37]",[8]
1223,"[3, 19, 26, 30, 33, 35]",[2]
1224,"[2, 6, 7, 8, 9, 38]",[8]
1225,"[15, 20, 22, 25, 33, 35]",[7]
1226,"[4, 12, 13, 26, 31, 33]",[6]
1227,"[2, 8, 15, 27, 28, 36]",[7]
1228,"[10, 12, 22, 26, 28, 36]",[8]
1229,"[8, 15, 18, 23, 31, 37]",[8]
1230,"[5, 10, 15, 23, 24, 35]",[6]
1231,"[3, 14, 15, 20, 21, 28]",[8]
1232,"[5, 7, 15, 25, 29, 37]",[8]
1233,"[3, 19, 26, 30, 33, 35]",[2]
1234,"[2, 6, 7, 8, 9, 38]",[8]
1235,"[15, 20, 22, 25, 33, 35]",[7]
1236,"[4, 12, 13, 26, 31, 33]",[6]
1237,"[2, 8, 15, 27, 28, 36]",[7]
1238,"[10, 12, 22, 26, 28, 36]",[8]
1239,"[8, 15, 18, 23, 31, 37]",[8]
1240,"[5, 10, 15, 23, 24, 35]",[6]
1241,"[3, 14, 15, 20, 21, 28]",[8]
1242,"[5, 7, 15, 25, 29, 37]",[8]
1243,"[5, 18, 19, 21, 31, 37]",[8]
1244,"[1, 8, 10, 14, 24, 26]",[1]
1245,"[5, 14, 22, 23, 26, 32]",[8]
1246,"[1, 15, 23, 24, 26, 29]",[5]
1247,"[3, 5, 10, 20, 26, 30]",[6]
1248,"[18, 22, 23, 25, 32, 36]",[6]
1249,"[10, 12, 18, 31, 34, 37]",[5]
1250,"[4, 11, 12, 16, 19, 23]",[6]
1251,"[14, 16, 25, 27, 29, 36]",[7]
1252,"[17, 18, 23, 25, 26, 36]",[5]
1253,"[5, 18, 19, 21, 31, 37]",[8]
1254,"[1, 8, 10, 14, 24, 26]",[1]
1255,"[5, 14, 22, 23, 26, 32]",[8]
1256,"[1, 15, 23, 24, 26, 29]",[5]
1257,"[3, 5, 10, 20, 26, 30]",[6]
1258,"[18, 22, 23, 25, 32, 36]",[6]
1259,"[10, 12, 18, 31, 34, 37]",[5]
1260,"[4, 11, 12, 16, 19, 23]",[6]
1261,"[14, 16, 25, 27, 29, 36]",[7]
1262,"[17, 18, 23, 25, 26, 36]",[5]
1263,"[5, 18, 19, 21, 31, 37]",[8]
1264,"[1, 8, 10, 14, 24, 26]",[1]
1265,"[5, 14, 22, 23, 26, 32]",[8]
1266,"[1, 15, 23, 24, 26, 29]",[5]
1267,"[3, 5, 10, 20, 26, 30]",[6]
1268,"[18, 22, 23, 25, 32, 36]",[6]
1269,"[10, 12, 18, 31, 34, 37]",[5]
1270,"[4, 11, 12, 16, 19, 23]",[6]
1271,"[14, 16, 25, 27, 29, 36]",[7]
1272,"[17, 18, 23, 25, 26, 36]",[5]
1273,"[5, 18, 19, 21, 31, 37]",[8]
1274,"[1, 8, 10, 14, 24, 26]",[1]
1275,"[5, 14, 22, 23, 26, 32]",[8]
1276,"[1, 15, 23, 24, 26, 29]",[5]
1277,"[3, 5, 10, 20, 26, 30]",[6]
1278,"[18, 22, 23, 25, 32, 36]",[6]
1279,"[10, 12, 18, 31, 34, 37]",[5]
1280,"[4, 11, 12, 16, 19, 23]",[6]
1281,"[14, 16, 25, 27, 29, 36]",[7]
1282,"[17, 18, 23, 25, 26, 36]",[5]
1283,"[5, 10, 18, 26, 28, 33]",[2]
1284,"[1, 15, 17, 31, 33, 38]",[2]
1285,"[5, 11, 15, 16, 23, 35]",[1]
1286,"[6, 17, 25, 29, 35, 36]",[1]
1287,"[1, 3, 4, 10, 13, 37]",[1]
1288,"[16, 20, 21, 27, 29, 37]",[3]
1289,"[1, 18, 25, 26, 37, 38]",[6]
1290,"[1, 2, 10, 21, 22, 31]",[8]
1291,"[4, 10, 14, 30, 32, 33]",[8]
1292,"[8, 10, 14, 22, 31, 36]",[4]
1293,"[5, 10, 18, 26, 28, 33]",[2]
1294,"[1, 15, 17, 31, 33, 38]",[2]
1295,"[5, 11, 15, 16, 23, 35]",[1]
1296,"[6, 17, 25, 29, 35, 36]",[1]
1297,"[1, 3, 4, 10, 13, 37]",[1]
1298,"[16, 20, 21, 27, 29, 37]",[3]
1299,"[1, 18, 25, 26, 37, 38]",[6]
1300,"[1, 2, 10, 21, 22, 31]",[8]
1301,"[4, 10, 14, 30, 32, 33]",[8]
1302,"[8, 10, 14, 22, 31, 36]",[4]
1303,"[5, 10, 18, 26, 28, 33]",[2]
1304,"[1, 15, 17, 31, 33, 38]",[2]
1305,"[5, 11, 15, 16, 23, 35]",[1]
1306,"[6, 17, 25, 29, 35, 36]",[1]
1307,"[1, 3, 4, 10, 13, 37]",[1]
1308,"[16, 20, 21, 27, 29, 37]",[3]
1309,"[1, 18, 25, 26, 37, 38]",[6]
1310,"[1, 2, 10, 21, 22, 31]",[8]
1311,"[4, 10, 14, 30, 32, 33]",[8]
1312,"[8, 10, 14, 22, 31, 36]",[4]
1313,"[5, 10, 18, 26, 28, 33]",[2]
1314,"[1, 15, 17, 31, 33, 38]",[2]
1315,"[5, 11, 15, 16, 23, 35]",[1]
1316,"[6, 17, 25, 29, 35, 36]",[1]
1317,"[1, 3, 4, 10, 13, 37]",[1]
1318,"[16, 20, 21, 27, 29, 37]",[3]
1319,"[1, 18, 25, 26, 37, 38]",[6]
1320,"[1, 2, 10, 21, 22, 31]",[8]
1321,"[4, 10, 14, 30, 32, 33]",[8]
1322,"[8, 10, 14, 22, 31, 36]",[4]
1323,"[4, 14, 21, 25, 28, 29]",[2]
1324,"[4, 12, 19, 24, 27, 30]",[7]
1325,"[4, 14, 18, 19, 26, 34]",[3]
1326,"[10, 11, 16, 24, 29, 30]",[1]
1327,"[3, 11, 24, 27, 29, 37]",[1]
1328,"[4, 14, 19, 22, 27, 30]",[5]
1329,"[4, 5, 14, 18, 21, 33]",[2]
1330,"[8, 10, 12, 19, 20, 37]",[1]
1331,"[7, 11, 14, 20, 31, 34]",[7]
1332,"[18, 19, 22, 27, 32, 35]",[2]
1333,"[4, 14, 21, 25, 28, 29]",[2]
1334,"[4, 12, 19, 24, 27, 30]",[7]
1335,"[4, 14, 18, 19, 26, 34]",[3]
1336,"[10, 11, 16, 24, 29, 30]",[1]
1337,"[3, 11, 24, 27, 29, 37]",[1]
1338,"[4, 14, 19, 22, 27, 30]",[5]
1339,"[4, 5, 14, 18, 21, 33]",[2]
1340,"[8, 10, 12, 19, 20, 37]",[1]
1341,"[7, 11, 14, 20, 31, 34]",[7]
1342,"[18, 19, 22, 27, 32, 35]",[2]
1343,"[4, 14, 21, 25, 28, 29]",[2]
1344,"[4, 12, 19, 24, 27, 30]",[7]
1345,"[4, 14, 18, 19, 26, 34]",[3]
1346,"[10, 11, 16, 24, 29, 30]",[1]
1347,"[3, 11, 24, 27, 29, 37]",[1]
1348,"[4, 14, 19, 22, 27, 30]",[5]
1349,"[4, 5, 14, 18, 21, 33]",[2]
1350,"[8, 10, 12, 19, 20, 37]",[1]
1351,"[7, 11, 14, 20, 31, 34]",[7]
1352,"[18, 19, 22, 27, 32, 35]",[2]
1353,"[2, 9, 10, 19, 22, 32]",[5]
1354,"[9, 12, 20, 34, 36, 37]",[3]
1355,"[1, 16, 22, 31, 33, 36]",[4]
1356,"[7, 9, 21, 28, 33, 35]",[8]
1357,"[1, 2, 5, 8, 9, 29]",[1]
1358,"[9, 10, 14, 19, 28, 29]",[8]
1359,"[16, 24, 25, 31, 32, 33]",[5]
1360,"[2, 4, 5, 11, 32, 33]",[8]
1361,"[1, 4, 18, 26, 30, 36]",[1]
1362,"[8, 14, 19, 21, 30, 31]",[2]
1363,"[9, 12, 13, 24, 25, 34]",[5]
1364,"[1, 6, 17, 19, 27, 30]",[6]
1365,"[6, 22, 31, 32, 33, 38]",[4]
1366,"[6, 10, 14, 15, 18, 24]",[7]
1367,"[5, 21, 25, 28, 32, 38]",[5]
1368,"[2, 13, 22, 25, 27, 33]",[8]
1369,"[2, 8, 15, 16, 17, 30]",[6]
1370,"[4, 15, 19, 22, 37, 38]",[5]
1371,"[6, 14, 24, 31, 35, 37]",[1]
1372,"[1, 8, 18, 25, 35, 37]",[5]
1373,"[2, 12, 15, 22, 27, 28]",[5]
1374,"[11, 15, 19, 21, 27, 30]",[4]
1375,"[11, 18, 22, 27, 28, 29]",[4]
1376,"[8, 13, 15, 20, 27, 28]",[4]
1377,"[1, 5, 9, 13, 28, 37]",[5]
1378,"[4, 8, 20, 21, 23, 26]",[5]
1379,"[10, 15, 23, 27, 29, 36]",[5]
1380,"[1, 3, 10, 13, 18, 30]",[1]
1381,"[8, 12, 14, 17, 33, 37]",[5]
1382,"[6, 8, 16, 20, 35, 36]",[8]
1383,"[13, 20, 25, 27, 28, 33]",[1]
1384,"[2, 8, 25, 29, 35, 36]",[2]
1385,"[17, 19, 21, 24, 28, 37]",[6]
1386,"[6, 10, 11, 14, 16, 30]",[1]
1387,"[8, 20, 26, 28, 36, 38]",[8]
1388,"[12, 26, 28, 29, 31, 32]",[6]
1389,"[4, 9, 21, 23, 36, 37]",[3]
1390,"[13, 14, 23, 34, 37, 38]",[7]
1391,"[3, 4, 23, 24, 26, 30]",[2]
1392,"[4, 22, 23, 31, 34, 35]",[1]
1393,"[7, 8, 12, 18, 23, 31]",[2]
1394,"[8, 10, 19, 27, 28, 37]",[3]
1395,"[6, 31, 32, 34, 35, 37]",[4]
1396,"[2, 12, 13, 21, 22, 26]",[4]
1397,"[8, 10, 12, 21, 30, 33]",[1]
1398,"[4, 6, 13, 26, 36, 38]",[8]
1399,"[4, 14, 21, 22, 26, 32]",[7]
1400,"[1, 8, 25, 28, 34, 38]",[6]
1401,"[5, 7, 14, 15, 34, 38]",[1]
1402,"[5, 8, 20, 22, 31, 35]",[7]
1403,"[7, 8, 12, 18, 23, 31]",[2]
1404,"[8, 10, 19, 27, 28, 37]",[3]
1405,"[6, 31, 32, 34, 35, 37]",[4]
1406,"[2, 12, 13, 21, 22, 26]",[4]
1407,"[8, 10, 12, 21, 30, 33]",[1]
1408,"[4, 6, 13, 26, 36, 38]",[8]
1409,"[4, 14, 21, 22, 26, 32]",[7]
1410,"[1, 8, 25, 28, 34, 38]",[6]
1411,"[5, 7, 14, 15, 34, 38]",[1]
1412,"[5, 8, 20, 22, 31, 35]",[7]
1413,"[7, 8, 12, 18, 23, 31]",[2]
1414,"[8, 10, 19, 27, 28, 37]",[3]
1415,"[6, 31, 32, 34, 35, 37]",[4]
1416,"[2, 12, 13, 21, 22, 26]",[4]
1417,"[8, 10, 12, 21, 30, 33]",[1]
1418,"[4, 6, 13, 26, 36, 38]",[8]
1419,"[4, 14, 21, 22, 26, 32]",[7]
1420,"[1, 8, 25, 28, 34, 38]",[6]
1421,"[5, 7, 14, 15, 34, 38]",[1]
1422,"[5, 8, 20, 22, 31, 35]",[7]
1423,"[3, 5, 28, 31, 32, 35]",[1]
1424,"[16, 17, 18, 28, 35, 37]",[4]
1425,"[4, 12, 25, 30, 33, 35]",[2]
1426,"[5, 15, 21, 23, 27, 35]",[7]
1427,"[3, 6, 10, 31, 35, 37]",[1]
1428,"[12, 18, 21, 28, 36, 38]",[1]
1429,"[8, 11, 13, 16, 22, 24]",[7]
1430,"[1, 9, 11, 13, 19, 27]",[5]
1431,"[5, 7, 22, 28, 31, 36]",[3]
1432,"[1, 4, 6, 16, 32, 38]",[3]
1433,"[4, 10, 13, 14, 29, 30]",[7]
1434,"[11, 13, 15, 30, 33, 36]",[3]
1435,"[6, 10, 16, 23, 24, 30]",[8]
1436,"[2, 3, 7, 17, 26, 31]",[8]
1437,"[2, 14, 25, 27, 29, 38]",[3]
1438,"[7, 12, 25, 31, 34, 36]",[5]
1439,"[1, 6, 23, 24, 25, 36]",[4]
1440,"[4, 8, 15, 25, 29, 32]",[1]
1441,"[2, 4, 7, 16, 21, 38]",[7]
1442,"[4, 5, 7, 18, 30, 37]",[1]
1443,"[12, 18, 19, 24, 25, 28]",[5]
1444,"[6, 18, 21, 22, 33, 38]",[4]
1445,"[1, 5, 6, 7, 22, 26]",[7]
1446,"[2, 3, 8, 18, 30, 37]",[7]
1447,"[2, 10, 21, 26, 31, 32]",[8]
1448,"[7, 10, 15, 22, 32, 38]",[2]
1449,"[2, 8, 13, 20, 21, 29]",[8]
1450,"[3, 5, 6, 28, 31, 37]",[6]
1451,"[2, 4, 9, 17, 35, 38]",[5]
1452,"[1, 4, 14, 17, 28, 34]",[5]
1453,"[5, 8, 9, 18, 26, 34]",[8]
1454,"[3, 7, 17, 20, 28, 29]",[5]
1455,"[5, 19, 20, 22, 23, 30]",[2]
1456,"[2, 4, 7, 8, 16, 27]",[6]
1457,"[12, 14, 18, 27, 28, 34]",[5]
1458,"[6, 15, 19, 20, 31, 34]",[2]
1459,"[2, 6, 13, 18, 22, 25]",[6]
1460,"[8, 11, 20, 22, 23, 37]",[6]
1461,"[3, 19, 24, 33, 34, 36]",[1]
1462,"[1, 2, 6, 12, 30, 36]",[3]
1463,"[5, 8, 9, 18, 26, 34]",[8]
1464,"[3, 7, 17, 20, 28, 29]",[5]
1465,"[5, 19, 20, 22, 23, 30]",[2]
1466,"[2, 4, 7, 8, 16, 27]",[6]
1467,"[12, 14, 18, 27, 28, 34]",[5]
1468,"[6, 15, 19, 20, 31, 34]",[2]
1469,"[2, 6, 13, 18, 22, 25]",[6]
1470,"[8, 11, 20, 22, 23, 37]",[6]
1471,"[3, 19, 24, 33, 34, 36]",[1]
1472,"[1, 2, 6, 12, 30, 36]",[3]
1473,"[5, 8, 9, 18, 26, 34]",[8]
1474,"[3, 7, 17, 20, 28, 29]",[5]
1475,"[5, 19, 20, 22, 23, 30]",[2]
1476,"[2, 4, 7, 8, 16, 27]",[6]
1477,"[12, 14, 18, 27, 28, 34]",[5]
1478,"[6, 15, 19, 20, 31, 34]",[2]
1479,"[2, 6, 13, 18, 22, 25]",[6]
1480,"[8, 11, 20, 22, 23, 37]",[6]
1481,"[3, 19, 24, 33, 34, 36]",[1]
1482,"[1, 2, 6, 12, 30, 36]",[3]
1483,"[5, 8, 9, 18, 26, 34]",[8]
1484,"[3, 7, 17, 20, 28, 29]",[5]
1485,"[5, 19, 20, 22, 23, 30]",[2]
1486,"[2, 4, 7, 8, 16, 27]",[6]
1487,"[12, 14, 18, 27, 28, 34]",[5]
1488,"[6, 15, 19, 20, 31, 34]",[2]
1489,"[2, 6, 13, 18, 22, 25]",[6]
1490,"[8, 11, 20, 22, 23, 37]",[6]
1491,"[3, 19, 24, 33, 34, 36]",[1]
1492,"[1, 2, 6, 12, 30, 36]",[3]
1493,"[1, 5, 8, 20, 23, 25]",[8]
1494,"[1, 9, 21, 28, 30, 35]",[7]
1495,"[4, 15, 19, 21, 32, 38]",[6]
1496,"[6, 7, 9, 13, 25, 26]",[4]
1497,"[4, 7, 11, 15, 24, 37]",[7]
1498,"[4, 7, 8, 14, 35, 36]",[3]
1499,"[12, 15, 22, 24, 33, 37]",[6]
1500,"[1, 2, 7, 11, 13, 24]",[3]
1501,"[19, 22, 23, 25, 29, 38]",[1]
1502,"[14, 21, 32, 34, 37, 38]",[3]
1503,"[3, 9, 16, 30, 32, 37]",[5]
1504,"[8, 9, 17, 22, 34, 37]",[8]
1505,"[6, 26, 34, 35, 36, 37]",[3]
1506,"[7, 13, 22, 23, 31, 33]",[1]
1507,"[4, 7, 17, 32, 33, 37]",[7]
1508,"[10, 21, 27, 31, 33, 35]",[7]
1509,"[8, 12, 16, 27, 33, 36]",[3]
1510,"[7, 8, 14, 24, 31, 34]",[8]
1511,"[5, 6, 12, 27, 29, 33]",[1]
1512,"[3, 6, 9, 15, 21, 30]",[5]
1513,"[3, 9, 16, 30, 32, 37]",[5]
1514,"[8, 9, 17, 22, 34, 37]",[8]
1515,"[6, 26, 34, 35, 36, 37]",[3]
1516,"[7, 13, 22, 23, 31, 33]",[1]
1517,"[4, 7, 17, 32, 33, 37]",[7]
1518,"[10, 21, 27, 31, 33, 35]",[7]
1519,"[8, 12, 16, 27, 33, 36]",[3]
1520,"[7, 8, 14, 24, 31, 34]",[8]
1521,"[5, 6, 12, 27, 29, 33]",[1]
1522,"[3, 6, 9, 15, 21, 30]",[5]
1523,"[3, 9, 16, 30, 32, 37]",[5]
1524,"[8, 9, 17, 22, 34, 37]",[8]
1525,"[6, 26, 34, 35, 36, 37]",[3]
1526,"[7, 13, 22, 23, 31, 33]",[1]
1527,"[4, 7, 17, 32, 33, 37]",[7]
1528,"[10, 21, 27, 31, 33, 35]",[7]
1529,"[8, 12, 16, 27, 33, 36]",[3]
1530,"[7, 8, 14, 24, 31, 34]",[8]
1531,"[5, 6, 12, 27, 29, 33]",[1]
1532,"[3, 6, 9, 15, 21, 30]",[5]
1533,"[3, 9, 16, 30, 32, 37]",[5]
1534,"[8, 9, 17, 22, 34, 37]",[8]
1535,"[6, 26, 34, 35, 36, 37]",[3]
1536,"[7, 13, 22, 23, 31, 33]",[1]
1537,"[4, 7, 17, 32, 33, 37]",[7]
1538,"[10, 21, 27, 31, 33, 35]",[7]
1539,"[8, 12, 16, 27, 33, 36]",[3]
1540,"[7, 8, 14, 24, 31, 34]",[8]
1541,"[5, 6, 12, 27, 29, 33]",[1]
1542,"[3, 6, 9, 15, 21, 30]",[5]
1543,"[5, 7, 11, 12, 24, 28]",[8]
1544,"[4, 10, 21, 26, 29, 37]",[3]
1545,"[14, 16, 20, 23, 27, 30]",[8]
1546,"[7, 9, 18, 21, 24, 37]",[6]
1547,"[13, 16, 22, 24, 29, 36]",[5]
1548,"[3, 15, 22, 23, 25, 30]",[5]
1549,"[11, 13, 19, 20, 28, 29]",[6]
1550,"[2, 7, 19, 27, 28, 36]",[7]
1551,"[7, 9, 10, 30, 33, 34]",[8]
1552,"[1, 7, 30, 31, 33, 38]",[5]
1553,"[1, 4, 6, 12, 35, 37]",[6]
1554,"[1, 6, 10, 15, 19, 34]",[7]
1555,"[2, 11, 15, 17, 30, 36]",[1]
1556,"[9, 16, 24, 34, 35, 37]",[5]
1557,"[3, 4, 10, 14, 16, 31]",[4]
1558,"[2, 8, 11, 15, 26, 34]",[6]
1559,"[3, 9, 12, 14, 22, 25]",[2]
1560,"[12, 15, 20, 29, 32, 35]",[5]
1561,"[2, 5, 16, 24, 28, 37]",[2]
1562,"[10, 12, 16, 19, 26, 32]",[5]
1563,"[1, 6, 14, 20, 32, 35]",[5]
1564,"[21, 24, 32, 35, 37, 38]",[5]
1565,"[2, 3, 19, 31, 32, 35]",[1]
1566,"[13, 14, 16, 22, 31, 32]",[3]
1567,"[1, 9, 19, 29, 32, 36]",[5]
1568,"[3, 9, 15, 23, 26, 37]",[2]
1569,"[6, 10, 12, 19, 30, 32]",[5]
1570,"[3, 15, 22, 28, 31, 37]",[8]
1571,"[3, 8, 22, 26, 27, 29]",[5]
1572,"[5, 8, 10, 22, 26, 38]",[2]
1573,"[1, 5, 11, 14, 22, 36]",[1]
1574,"[3, 8, 9, 15, 16, 25]",[5]
1575,"[3, 5, 10, 23, 29, 30]",[2]
1576,"[2, 4, 13, 16, 18, 29]",[5]
1577,"[1, 10, 17, 22, 24, 26]",[7]
1578,"[3, 4, 6, 17, 29, 35]",[7]
1579,"[15, 22, 24, 28, 29, 36]",[2]
1580,"[15, 16, 27, 30, 35, 36]",[2]
1581,"[1, 7, 10, 14, 29, 30]",[4]
1582,"[1, 24, 26, 29, 32, 38]",[7]
1583,"[3, 12, 24, 27, 32, 34]",[4]
1584,"[6, 8, 14, 27, 28, 33]",[1]
1585,"[4, 6, 15, 20, 22, 38]",[7]
1586,"[1, 5, 10, 12, 21, 24]",[8]
1587,"[5, 9, 11, 14, 22, 30]",[8]
1588,"[3, 6, 11, 16, 21, 35]",[2]
1589,"[4, 5, 8, 18, 23, 29]",[2]
1590,"[8, 22, 26, 27, 36, 38]",[8]
1591,"[2, 6, 28, 29, 32, 37]",[4]
1592,"[3, 11, 12, 27, 32, 35]",[2]
1593,"[3, 12, 24, 27, 32, 34]",[4]
1594,"[6, 8, 14, 27, 28, 33]",[1]
1595,"[4, 6, 15, 20, 22, 38]",[7]
1596,"[1, 5, 10, 12, 21, 24]",[8]
1597,"[5, 9, 11, 14, 22, 30]",[8]
1598,"[3, 6, 11, 16, 21, 35]",[2]
1599,"[4, 5, 8, 18, 23, 29]",[2]
1600,"[8, 22, 26, 27, 36, 38]",[8]
1601,"[2, 6, 28, 29, 32, 37]",[4]
1602,"[3, 11, 12, 27, 32, 35]",[2]
1603,"[3, 12, 24, 27, 32, 34]",[4]
1604,"[6, 8, 14, 27, 28, 33]",[1]
1605,"[4, 6, 15, 20, 22, 38]",[7]
1606,"[1, 5, 10, 12, 21, 24]",[8]
1607,"[5, 9, 11, 14, 22, 30]",[8]
1608,"[3, 6, 11, 16, 21, 35]",[2]
1609,"[4, 5, 8, 18, 23, 29]",[2]
1610,"[8, 22, 26, 27, 36, 38]",[8]
1611,"[2, 6, 28, 29, 32, 37]",[4]
1612,"[3, 11, 12, 27, 32, 35]",[2]
1613,"[3, 12, 24, 27, 32, 34]",[4]
1614,"[6, 8, 14, 27, 28, 33]",[1]
1615,"[4, 6, 15, 20, 22, 38]",[7]
1616,"[1, 5, 10, 12, 21, 24]",[8]
1617,"[5, 9, 11, 14, 22, 30]",[8]
1618,"[3, 6, 11, 16, 21, 35]",[2]
1619,"[4, 5, 8, 18, 23, 29]",[2]
1620,"[8, 22, 26, 27, 36, 38]",[8]
1621,"[2, 6, 28, 29, 32, 37]",[4]
1622,"[3, 11, 12, 27, 32, 35]",[2]
1623,"[1, 8, 21, 24, 31, 33]",[8]
1624,"[8, 10, 18, 22, 25, 33]",[7]
1625,"[1, 10, 12, 15, 30, 33]",[6]
1626,"[6, 7, 12, 15, 24, 38]",[3]
1627,"[12, 13, 26, 30, 36, 38]",[8]
1628,"[3, 4, 7, 19, 28, 30]",[8]
1629,"[5, 10, 14, 19, 21, 24]",[5]
1630,"[2, 8, 15, 19, 22, 29]",[4]
1631,"[9, 12, 16, 18, 28, 29]",[7]
1632,"[1, 6, 12, 23, 28, 34]",[2]
1633,"[7, 29, 31, 32, 35, 36]",[7]
1634,"[2, 16, 17, 19, 24, 28]",[5]
1635,"[7, 11, 14, 16, 19, 34]",[5]
1636,"[11, 13, 15, 27, 29, 32]",[3]
1637,"[4, 7, 19, 20, 24, 30]",[1]
1638,"[4, 11, 14, 18, 21, 34]",[2]
1639,"[1, 6, 7, 10, 21, 27]",[5]
1640,"[1, 4, 5, 14, 17, 26]",[8]
1641,"[2, 9, 17, 20, 35, 38]",[7]
1642,"[7, 13, 23, 32, 34, 36]",[3]
1643,"[7, 29, 31, 32, 35, 36]",[7]
1644,"[2, 16, 17, 19, 24, 28]",[5]
1645,"[7, 11, 14, 16, 19, 34]",[5]
1646,"[11, 13, 15, 27, 29, 32]",[3]
1647,"[4, 7, 19, 20, 24, 30]",[1]
1648,"[4, 11, 14, 18, 21, 34]",[2]
1649,"[1, 6, 7, 10, 21, 27]",[5]
1650,"[1, 4, 5, 14, 17, 26]",[8]
1651,"[2, 9, 17, 20, 35, 38]",[7]
1652,"[7, 13, 23, 32, 34, 36]",[3]
1653,"[7, 29, 31, 32, 35, 36]",[7]
1654,"[2, 16, 17, 19, 24, 28]",[5]
1655,"[7, 11, 14, 16, 19, 34]",[5]
1656,"[11, 13, 15, 27, 29, 32]",[3]
1657,"[4, 7, 19, 20, 24, 30]",[1]
1658,"[4, 11, 14, 18, 21, 34]",[2]
1659,"[1, 6, 7, 10, 21, 27]",[5]
1660,"[1, 4, 5, 14, 17, 26]",[8]
1661,"[2, 9, 17, 20, 35, 38]",[7]
1662,"[7, 13, 23, 32, 34, 36]",[3]
1663,"[7, 29, 31, 32, 35, 36]",[7]
1664,"[2, 16, 17, 19, 24, 28]",[5]
1665,"[7, 11, 14, 16, 19, 34]",[5]
1666,"[11, 13, 15, 27, 29, 32]",[3]
1667,"[4, 7, 19, 20, 24, 30]",[1]
1668,"[4, 11, 14, 18, 21, 34]",[2]
1669,"[1, 6, 7, 10, 21, 27]",[5]
1670,"[1, 4, 5, 14, 17, 26]",[8]
1671,"[2, 9, 17, 20, 35, 38]",[7]
1672,"[7, 13, 23, 32, 34, 36]",[3]
1673,"[1, 12, 14, 17, 24, 27]",[3]
1674,"[1, 2, 8, 9, 22, 36]",[5]
1675,"[3, 6, 16, 23, 25, 37]",[7]
1676,"[1, 5, 11, 16, 21, 31]",[8]
1677,"[5, 14, 17, 20, 23, 30]",[6]
1678,"[11, 13, 14, 16, 36, 38]",[5]
1679,"[5, 10, 17, 22, 35, 37]",[5]
1680,"[2, 3, 23, 25, 27, 33]",[1]
1681,"[9, 12, 17, 18, 27, 33]",[4]
1682,"[18, 21, 27, 29, 30, 37]",[4]
1683,"[3, 10, 18, 24, 29, 37]",[7]
1684,"[2, 7, 10, 11, 19, 33]",[1]
1685,"[5, 12, 18, 33, 34, 37]",[2]
1686,"[14, 23, 25, 26, 30, 31]",[3]
1687,"[12, 19, 23, 36, 37, 38]",[6]
1688,"[10, 15, 20, 22, 34, 36]",[5]
1689,"[1, 6, 8, 30, 32, 35]",[6]
1690,"[2, 4, 6, 17, 29, 38]",[8]
1691,"[3, 7, 21, 35, 37, 38]",[3]
1692,"[15, 16, 25, 31, 35, 37]",[4]
1693,"[1, 15, 16, 24, 26, 30]",[5]
1694,"[4, 16, 26, 28, 37, 38]",[1]
1695,"[8, 13, 14, 21, 24, 34]",[6]
1696,"[3, 14, 15, 16, 20, 36]",[5]
1697,"[7, 17, 22, 26, 29, 33]",[7]
1698,"[8, 12, 20, 27, 29, 30]",[1]
1699,"[4, 15, 18, 29, 34, 38]",[4]
1700,"[3, 7, 15, 17, 21, 34]",[8]
1701,"[7, 16, 17, 22, 31, 35]",[2]
1702,"[1, 6, 10, 12, 29, 36]",[4]
1703,"[11, 13, 19, 23, 31, 38]",[3]
1704,"[6, 15, 21, 25, 28, 29]",[4]
1705,"[4, 5, 6, 16, 18, 28]",[1]
1706,"[14, 20, 21, 25, 32, 37]",[3]
1707,"[2, 13, 18, 22, 23, 25]",[4]
1708,"[4, 9, 10, 15, 17, 34]",[3]
1709,"[3, 5, 18, 22, 27, 37]",[1]
1710,"[2, 3, 4, 14, 17, 35]",[1]
1711,"[1, 11, 16, 17, 19, 35]",[5]
1712,"[5, 10, 12, 26, 35, 38]",[2]
1713,"[3, 4, 13, 18, 25, 27]",[1]
1714,"[6, 26, 27, 30, 32, 35]",[2]
1715,"[1, 10, 19, 21, 24, 31]",[5]
1716,"[8, 9, 23, 32, 35, 36]",[7]
1717,"[1, 11, 15, 18, 29, 38]",[1]
1718,"[8, 15, 17, 22, 26, 32]",[1]
1719,"[1, 3, 12, 21, 23, 25]",[2]
1720,"[10, 12, 14, 15, 34, 35]",[6]
1721,"[9, 17, 18, 21, 26, 34]",[1]
1722,"[4, 12, 17, 20, 29, 37]",[3]
